order_id,customer_id,product_id,order_date,quantity,discount,payment_method,order_status
O00001,C0058,P0003,2024-01-21,3,0.05,EasyPaisa,Cancelled
O00002,C0333,P0031,2025-06-11,3,0.3,Bank Transfer,CANCELLED
O00003,C0045,P0039,2025-08-07,1,0.15,Cash,Completed
O00004,C0086,P0020,2025-06-30,5,0.15,CASH,Pending
O00005,C0300,P0032,2024-02-17,1,0.3,EasyPaisa,Completed
O00006,C0171,P0002,2023-07-30,2,0.25,Easypaisa,PENDING
O00007,C0435,P0064,2024-08-18,1,0.15,EasyPaisa,Pending
O00008,C0119,P0092,2023-05-05,1,0.15,Bank Transfer,Returned
O00009,C0284,P0009,02-Jul-2024,3,0.15,easypaisa,Completed
O00010,C0254,P0080,2024-12-11,1,0.15,CASH,cancelled
O00011,C0148,P0093,2024-01-29,1,0.15,Card,cancelled
O00012,C0301,P0088,2024-11-25,4,0.3,COD,Pending
O00013,C0068,P0038,10-Mar-2025,5,0.3,cod,returned
O00014,C0408,P0061,2023-11-28,2,0.1,COD,COMPLETED
O00015,C0342,P0062,2023-09-22,1,0.05,bank transfer,Pending
O00016,C0052,P0054,2025-10-08,1,0.05,BANK TRANSFER,COMPLETED
O00017,C0010,P0046,2024-06-18,1,0.05,CARD,Completed
O00018,C0414,P0009,2024-11-22,1,0.2,Card,completed
O00019,C0288,P0029,2025-09-23,1,0.1,jazzcash,Completed
O00020,C0395,P0072,2024-07-01,3,0.3,Cod,COMPLETED
O00021,C0362,P0007,2025-06-15,2,0.3,CASH,Completed
O00022,C0401,P0079,2023-07-28,3,0.0,BANK TRANSFER,Completed
O00023,C9999,P0081,2023/08/30,3,0.1,Card,returned
O00024,C0363,P0057,2025-11-02,1,0.3,CASH,CANCELLED
O00025,C0332,P0047,2024-11-16,3,0.0,CARD,PENDING
O00026,C0497,P0054,2023-01-14,1,0.3,easypaisa,Returned
O00027,C0147,P0065,2023-12-17,1,0.1,Cod,pending
O00028,C0185,P0081,2024-05-17,1,0.3,bank transfer,pending
O00029,C0404,P0030,2023-10-10,3,0.15,EasyPaisa,pending
O00030,C0488,P0067,2025-01-10,4,0.15,Card,completed
O00031,C0368,P0067,2023-05-23,1,0.1,easypaisa,cancelled
O00032,C0223,P0008,2025-03-16,2,0.25,COD,CANCELLED
O00033,C0463,P0074,2023-04-29,5,0.25,Cod,RETURNED
O00034,C0215,P0052,2024-09-15,2,0.1,jazzcash,completed
O00035,C0424,P0036,2025-12-16,2,0.05,Cod,PENDING
O00036,C0229,P0083,2024-02-25,3,0.2,BANK TRANSFER,PENDING
O00037,C0358,P0045,2025-04-08,2,0.1,cash,Completed
O00038,C0276,P0043,2025-03-09,2,0.25,Card,Returned
O00039,C0110,P0012,2025-11-13,2,0.2,Jazzcash,CANCELLED
O00040,C0012,P0004,2024-06-13,1,0.3,Jazzcash,Pending
O00041,C0259,P0015,2023-05-03,3,0.1,,RETURNED
O00042,C0064,P0007,2023-09-13,1,0.2,COD,COMPLETED
O00043,C0233,P0044,2024-04-28,3,0.2,BANK TRANSFER,Cancelled
O00044,C0180,P0039,2024-08-05,2,0.3,COD,cancelled
O00045,C0366,P0049,2025-11-30,2,0.0,JazzCash,Cancelled
O00046,C0422,P0100,09/01/2025,1,0.05,COD,pending
O00047,C0425,P0053,2023-06-17,1,0.15,card,Pending
O00048,C0110,P0058,2023-06-09,1,0.2,EasyPaisa,pending
O00049,C0447,P0034,2025-10-18,2,0.15,cod,pending
O00050,C0375,P0054,2023-11-30,1,0.05,easypaisa,PENDING
O00051,C0067,P0091,2025-11-17,3,0.0,COD,cancelled
O00052,C0234,P0061,03-08-2023,2,0.2,Jazzcash,Completed
O00053,C0309,P0053,2023-08-14,1,0.2,JAZZCASH,Completed
O00054,C0268,P0020,2023-08-30,1,0.1,Jazzcash,Returned
O00055,C0249,P0004,2023-10-20,1,0.2,EasyPaisa,Completed
O00056,C0480,P0040,2024-08-03,1,0.3,COD,Pending
O00057,C0002,P0016,2024-12-15,1,0.0,easypaisa,pending
O00058,C0294,P0040,2025-07-15,4,0.3,Easypaisa,Pending
O00059,C0428,P0093,2023-09-29,2,0.2,COD,Pending
O00060,C0390,P0058,2025-07-08,1,0.25,JazzCash,COMPLETED
O00061,C0410,P0080,2025-04-18,1,0.15,JAZZCASH,Completed
O00062,C0491,P0086,2025-06-26,2,0.25,cash,Cancelled
O00063,C0363,P0004,2024-09-24,2,0.0,cod,completed
O00064,C0099,P0080,2023-04-19,5,0.2,Card,pending
O00065,C0258,P0003,2023-09-04,2,0.2,card,Completed
O00066,C0141,P0027,2024-05-17,3,0.3,Bank Transfer,Pending
O00067,C0044,P0069,2024-10-18,1,0.0,Easypaisa,completed
O00068,C0175,P0056,2024-01-05,1,0.3,bank transfer,RETURNED
O00069,C0196,P0033,2023-07-06,1,0.0,bank transfer,CANCELLED
O00070,C0147,P0019,2024-01-10,1,0.0,Card,Returned
O00071,C0488,P0053,2023-12-13,1,0.1,card,Completed
O00072,C0366,P0008,2024-09-02,1,0.1,card,pending
O00073,C0458,P0042,2024-06-12,1,0.3,CASH,Completed
O00074,C0104,P0031,2024-04-29,1,0.3,Bank Transfer,Pending
O00075,C0487,P0015,2024-07-05,1,0.15,BANK TRANSFER,pending
O00076,C0034,P0062,2023-03-01,1,0.05,CASH,Returned
O00077,C0284,P0076,2023-07-27,1,0.2,COD,cancelled
O00078,C0156,P0073,2025-04-13,1,0.3,cod,cancelled
O00079,C0401,P0019,2025/02/03,1,0.05,Card,PENDING
O00080,C0493,P0072,2025-07-14,1,0.3,Easypaisa,Returned
O00081,C0335,P0022,2023-01-02,1,0.15,JazzCash,returned
O00082,C0430,P0088,2025-02-17,20,0.3,COD,cancelled
O00083,C0300,P0066,2024-07-30,1,0.25,BANK TRANSFER,completed
O00084,C0154,P0012,2025-03-20,-5,0.3,Card,Returned
O00085,C0450,P0056,2024-03-07,2,0.3,jazzcash,Returned
O00086,C0326,P0034,2025-07-16,1,0.25,Jazzcash,returned
O00087,C0108,P0059,2024-11-03,1,0.25,card,COMPLETED
O00088,C0312,P0061,2023-01-09,4,0.25,card,pending
O00089,C0285,P0090,2025-09-28,2,0.2,Cash,COMPLETED
O00090,C0276,P0004,2025-06-30,2,0.1,EasyPaisa,Returned
O00091,C0199,P0023,2023-01-18,1,0.1,card,PENDING
O00092,C0005,P0029,2023-02-10,2,0.25,COD,RETURNED
O00093,C0099,P0012,2024-09-12,3,0.05,card,PENDING
O00094,C0496,P0047,2023-03-17,1,0.25,COD,CANCELLED
O00095,C0004,P0026,2025-03-22,1,0.1,BANK TRANSFER,PENDING
O00096,C0088,P0071,2024-02-01,2,0.2,COD,Cancelled
O00097,C0034,P0076,2023-09-20,2,0.05,JazzCash,cancelled
O00098,C0452,P0067,2024-07-15,1,0.25,CASH,RETURNED
O00099,C0349,P0072,2025-07-18,1,0.15,cod,completed
O00100,C0438,P0042,2025-06-04,3,0.15,jazzcash,Completed
O00101,C0349,P0067,2025-08-13,1,0.2,Cash,CANCELLED
O00102,C0025,P0036,2025-05-10,1,0.1,cash,Pending
O00103,C0100,P0043,2023-06-17,3,0.3,Cash,Cancelled
O00104,C0354,P0055,2023-06-02,4,0.05,Card,returned
O00105,C0160,P0009,2023-07-18,1,0.15,cash,RETURNED
O00106,C0431,P0033,2024-05-21,1,0.05,JazzCash,Completed
O00107,C0421,P0043,2025-11-30,2,0.0,BANK TRANSFER,pending
O00108,C0392,P0013,2025-07-03,2,0.0,Cash,Completed
O00109,C0194,P0041,2023-05-14,2,0.0,EasyPaisa,completed
O00110,C0155,P0079,2025-06-03,1,0.25,cash,completed
O00111,C0151,P0049,2025-04-02,1,0.3,EasyPaisa,cancelled
O00112,C0443,P0077,2023-01-22,1,0.15,EASYPAISA,Completed
O00113,C0174,P0084,2023-02-23,1,0.1,BANK TRANSFER,Cancelled
O00114,C0056,P0014,2023-01-26,2,0.0,BANK TRANSFER,cancelled
O00115,C0464,P0074,2023-09-16,2,0.1,Jazzcash,PENDING
O00116,C0247,P0093,2025-06-29,1,0.05,cash,COMPLETED
O00117,C0066,P0040,2025-06-11,1,0.25,JAZZCASH,Returned
O00118,C0299,P0070,2023-10-26,1,0.1,Bank Transfer,RETURNED
O00119,C0150,P0048,2023-01-17,1,0.25,Cod,Cancelled
O00120,C0030,P0031,2025-11-04,3,0.2,Cash,Pending
O00121,C0177,P0026,2024-02-15,2,0.05,cash,RETURNED
O00122,C0097,P0086,2025-09-01,2,0.15,bank transfer,Returned
O00123,C0437,P0075,2024-11-18,2,0.15,JAZZCASH,Cancelled
O00124,C0054,P0059,2023-03-28,1,0.0,COD,Cancelled
O00125,C0355,P0030,2025-08-13,2,0.05,EASYPAISA,Returned
O00126,C0414,P0095,2025-02-08,1,0.05,cash,returned
O00127,C0006,P0010,2025-01-02,1,0.0,Card,Returned
O00128,C0226,P0025,2025-01-07,1,0.0,CARD,cancelled
O00129,C0146,P0023,2024-03-24,3,0.25,Card,returned
O00130,C0434,P0071,2024-05-18,1,0.0,card,RETURNED
O00131,C0467,P0013,2023-02-12,3,0.05,Easypaisa,Completed
O00132,C0174,P0027,2024-09-16,1,0.1,jazzcash,Cancelled
O00133,C0482,P0068,2025-06-07,3,0.0,cash,cancelled
O00134,C0452,P0017,2024-01-24,1,0.15,cod,Returned
O00135,C0163,P0077,2025-05-29,5,0.05,Cash,CANCELLED
O00136,C0438,P0069,2024-08-25,2,0.1,CARD,Completed
O00137,C0323,P0036,2023-09-16,3,0.2,easypaisa,CANCELLED
O00138,C0373,P0011,2025-08-21,2,0.2,CASH,cancelled
O00139,C0261,P0050,2025-11-08,1,0.2,EasyPaisa,CANCELLED
O00140,C0165,P0092,2025-02-04,1,0.15,COD,Pending
O00141,C0243,P0035,2025-04-01,2,0.3,bank transfer,Completed
O00142,C0107,P0029,2024-02-20,1,0.05,EASYPAISA,Cancelled
O00143,C0157,P0055,2025-02-11,2,0.3,JAZZCASH,returned
O00144,C0282,P0011,2023-10-03,2,0.1,Easypaisa,returned
O00145,C0118,P0075,2023-03-26,1,0.2,Jazzcash,Pending
O00146,C0231,P0060,2025-06-04,1,0.3,EasyPaisa,returned
O00147,C0140,,2023-02-20,1,0.05,JAZZCASH,COMPLETED
O00148,C0184,P0011,2024-08-26,3,0.2,BANK TRANSFER,Completed
O00149,C0403,P0036,2024-04-11,1,0.0,JazzCash,completed
O00150,C0280,P0026,2024-11-14,1,0.1,jazzcash,RETURNED
O00151,C0382,P0099,2024-07-16,1,0.2,Card,Returned
O00152,C0005,P0099,2024-09-05,1,0.1,EasyPaisa,Pending
O00153,C0421,P0075,2023-01-25,1,0.2,Card,pending
O00154,C0117,P0030,2024-03-05,1,0.2,BANK TRANSFER,Pending
O00155,C0370,P0060,2024-11-28,2,0.1,CARD,pending
O00156,C0395,P0090,05/05/2025,1,0.15,BANK TRANSFER,Completed
O00157,C0192,P0018,2023-09-20,1,0.25,Cash,Pending
O00158,C0415,P0085,2024-12-27,1,0.15,Easypaisa,pending
O00159,C0391,P0100,2024-09-05,1,0.0,Bank Transfer,completed
O00160,C0473,P0018,2023-11-11,5,0.1,BANK TRANSFER,Pending
O00161,C0196,P0027,2025-03-11,1,0.15,Card,PENDING
O00162,C0056,P0043,2025-07-13,2,0.1,CASH,Cancelled
O00163,C0054,P0087,2023-12-30,1,0.25,BANK TRANSFER,Pending
O00164,C0014,P0024,2024-02-12,1,0.15,JazzCash,Cancelled
O00165,C0120,P0038,2025-12-09,1,0.0,JAZZCASH,Completed
O00166,C0088,P0042,2025-04-21,1,0.0,Card,pending
O00167,C0245,P0096,2023-05-21,1,0.3,card,Cancelled
O00168,C0446,P0027,,1,0.25,,pending
O00169,C0082,P0078,2024-09-27,2,0.2,COD,Pending
O00170,C0142,P0026,2023-01-16,20,0.15,Cash,pending
O00171,C0310,P0032,2025-12-12,1,0.2,EASYPAISA,pending
O00172,C0237,P0074,2023-03-22,2,0.1,COD,Pending
O00173,C0178,P0090,09-01-2024,1,0.3,card,PENDING
O00174,C0128,P0023,2025-06-03,1,0.25,CARD,Completed
O00175,C0202,P0090,2023-03-31,1,0.3,Card,RETURNED
O00176,C0452,P0081,2024-08-20,2,0.0,Cod,Cancelled
O00177,C0466,P0064,2025-04-22,20,0.2,Cash,RETURNED
O00178,C0040,P0097,2023-08-04,1,0.3,JAZZCASH,Pending
O00179,C0231,P0022,2024-06-01,-5,0.0,EASYPAISA,Completed
O00180,C0038,P0082,2025-08-03,1,0.25,EASYPAISA,Cancelled
O00181,C0204,P0005,2023-01-22,1,0.25,card,returned
O00182,C0344,P0096,2025-08-08,1,0.0,CASH,CANCELLED
O00183,C0366,P0057,2023-10-15,1,0.1,CARD,cancelled
O00184,C0430,P0003,2023-07-25,1,0.0,Bank Transfer,Pending
O00185,C0087,P0010,2023-01-23,2,0.05,EasyPaisa,returned
O00186,C0092,P0028,2023-03-12,3,0.2,card,Pending
O00187,C0357,P0007,2025-12-06,2,0.25,cod,Completed
O00188,C0200,P0089,2024-09-23,1,0.2,Cash,Completed
O00189,C0396,P0049,2024-02-18,4,0.1,Card,Cancelled
O00190,C0047,P0003,2025-05-13,1,0.0,JAZZCASH,Cancelled
O00191,C0349,P0086,2023-05-10,1,0.0,COD,cancelled
O00192,C0371,P0022,2023-04-01,1,0.0,Jazzcash,Returned
O00193,C0288,P0081,2024-01-24,2,0.2,Easypaisa,Pending
O00194,C0062,P0030,2024-03-13,1,0.1,Card,completed
O00195,C0206,P0084,2024-10-09,1,0.05,Easypaisa,cancelled
O00196,C0034,P0085,2024-07-24,2,0.1,CASH,COMPLETED
O00197,C0454,P0028,2025-04-21,1,0.2,EASYPAISA,COMPLETED
O00198,C0365,P0069,2023-12-18,1,0.0,bank transfer,RETURNED
O00199,C0324,P0090,2025-03-06,2,0.3,COD,CANCELLED
O00200,C0171,P0023,2024-10-13,5,0.25,EASYPAISA,Completed
O00201,C0172,P0003,2025-07-08,1,0.25,COD,CANCELLED
O00202,C0258,P0076,2023-01-28,1,0.2,cash,Returned
O00203,C0122,P0095,2025-05-27,2,0.2,cash,COMPLETED
O00204,C0071,P0048,2025-10-18,1,0.05,Easypaisa,Cancelled
O00205,C0329,P0005,2024-05-02,4,0.2,easypaisa,Returned
O00206,C0069,P0036,2024-10-12,2,0.3,CASH,pending
O00207,C0332,P0037,2023-02-18,1,0.25,jazzcash,returned
O00208,C0125,P0027,2023-04-21,4,0.25,Card,CANCELLED
O00209,C0312,P0049,2025-12-03,1,0.15,Cod,Completed
O00210,C0034,P0063,2023-05-24,5,0.0,COD,Cancelled
O00211,C0481,P0027,2023-09-15,1,0.2,Bank Transfer,Cancelled
O00212,C0121,P0065,2023-06-10,1,0.15,Jazzcash,CANCELLED
O00213,C0370,P0026,2024-05-16,1,0.2,Card,Returned
O00214,C0147,P0074,2025-07-07,5,0.05,JAZZCASH,Pending
O00215,C0041,P0047,2025-03-26,1,0.15,EASYPAISA,Pending
O00216,C0259,P0079,06/06/2025,2,0.3,EASYPAISA,Completed
O00217,C0391,P0049,2025-05-25,3,0.3,JAZZCASH,Cancelled
O00218,C0284,P0094,2023-12-26,1,0.15,JAZZCASH,Pending
O00219,C0146,P0049,2025-09-11,1,0.05,Cod,Pending
O00220,C0101,P0020,2024-01-24,1,0.3,Bank Transfer,returned
O00221,C0252,P0052,2025-05-01,4,0.25,JAZZCASH,Pending
O00222,C0251,P0040,2023-05-26,1,0.0,Cash,Pending
O00223,C0478,P0073,2023-11-29,1,0.15,Jazzcash,RETURNED
O00224,C0261,P0091,2025-09-27,2,0.1,Cod,Completed
O00225,C0334,P0050,2025-05-18,2,0.05,easypaisa,Completed
O00226,C0472,P0047,2023-02-27,2,0.25,card,Returned
O00227,C0310,P0059,2023-10-29,1,0.2,BANK TRANSFER,Cancelled
O00228,C0007,P0015,2023-07-09,2,0.15,Easypaisa,COMPLETED
O00229,C0266,P0025,2025-05-16,1,0.15,Jazzcash,RETURNED
O00230,C0257,P0069,2025-02-22,2,0.25,EasyPaisa,completed
O00231,C0056,P0082,2024-12-06,3,0.1,cod,Cancelled
O00232,C0477,P0096,2025-03-26,2,5.0,CARD,Pending
O00233,C0001,P0013,2023-05-24,2,0.15,BANK TRANSFER,pending
O00234,C0336,P0037,2025-06-01,1,0.1,card,CANCELLED
O00235,C0102,P0063,2024-01-08,1,0.0,EASYPAISA,CANCELLED
O00236,C0096,P0026,2023-05-01,2,0.3,Card,Returned
O00237,C0462,P0053,2025-06-21,2,0.2,cash,Cancelled
O00238,C0041,P0038,2023-06-25,1,0.1,Cash,Returned
O00239,C0016,P0075,2024-04-25,1,0.25,Cash,Completed
O00240,C0032,P0035,2023-01-15,2,0.3,Cash,Completed
O00241,C0109,P0067,2023-01-15,1,0.2,JAZZCASH,PENDING
O00242,C0243,P0097,2024-11-21,2,0.1,JazzCash,RETURNED
O00243,C0162,P0031,2025-01-09,2,0.15,Bank Transfer,Completed
O00244,C0500,P0046,2024-11-07,3,0.0,EASYPAISA,pending
O00245,C0372,P0018,2023-02-22,2,0.3,Bank Transfer,returned
O00246,C0487,P0090,2024-05-24,1,0.2,cod,Pending
O00247,C0264,P0053,2024-01-20,1,0.25,jazzcash,Completed
O00248,C0325,P0047,2023-04-04,5,0.25,Jazzcash,PENDING
O00249,C0120,P0078,2025-09-19,1,0.2,cash,Returned
O00250,C0220,P0061,2023-07-25,2,0.1,Bank Transfer,cancelled
O00251,C0365,P0019,01-Dec-2025,3,0.3,Cod,COMPLETED
O00252,C0066,P0064,2023-06-28,1,0.25,BANK TRANSFER,pending
O00253,C0087,P0058,2023-08-25,1,0.2,card,cancelled
O00254,C0109,P0022,2023-07-03,1,0.25,Cash,cancelled
O00255,C0476,P0042,2025-02-24,2,0.05,COD,RETURNED
O00256,C0341,P0061,2023-09-10,2,0.2,COD,PENDING
O00257,C0047,P0089,2024-11-12,3,0.2,Bank Transfer,COMPLETED
O00258,C0330,P0044,2025-02-11,4,0.25,cod,Pending
O00259,C0335,P0083,2025-06-13,3,0.05,JAZZCASH,Completed
O00260,C0149,P0012,2023-08-17,1,0.25,Bank Transfer,Cancelled
O00261,C0382,P0015,2025-01-23,1,0.1,Easypaisa,Completed
O00262,C0160,P0008,2024-01-24,3,0.15,JazzCash,Returned
O00263,C0409,P0087,2023-09-16,1,0.2,Bank Transfer,Cancelled
O00264,C0055,P0051,2023-01-19,100,0.15,JAZZCASH,cancelled
O00265,C0418,P0038,2024-03-24,1,0.15,CARD,RETURNED
O00266,C0075,P0096,2023-03-12,2,0.1,BANK TRANSFER,Completed
O00267,C0141,P0091,2025-09-06,2,0.05,EASYPAISA,returned
O00268,C0361,P0049,2023-05-01,10,0.1,card,cancelled
O00269,C0435,P0094,2024-04-05,2,0.0,CARD,Pending
O00270,C0373,P0051,2024-09-04,10,0.25,CARD,COMPLETED
O00271,C0281,P0051,2024-11-22,1,0.15,JAZZCASH,Pending
O00272,C0201,P0010,2025-12-17,2,0.1,COD,Cancelled
O00273,C0359,P0071,2025-03-17,1,0.1,BANK TRANSFER,Completed
O00274,C0436,P0091,2024-09-14,1,0.05,Bank Transfer,Cancelled
O00275,C0227,P0090,2025-09-15,1,0.05,card,Cancelled
O00276,C0412,P0096,2024-02-05,2,0.0,JazzCash,COMPLETED
O00277,C0348,P0019,2025-02-10,5,0.15,Cod,CANCELLED
O00278,C0475,P0008,2023-07-16,1,0.15,card,completed
O00279,C0061,P0066,2024-11-24,2,0.05,cod,pending
O00280,C0126,P0005,2023-09-01,1,0.15,JAZZCASH,cancelled
O00281,C0335,P0096,2025-02-07,2,0.3,Cod,Completed
O00282,C0399,P0060,2025-02-21,1,0.25,Easypaisa,Returned
O00283,C0006,P0016,2023-08-27,1,0.15,Cod,Cancelled
O00284,C0012,P0076,2025-09-09,1,0.25,Cash,CANCELLED
O00285,C0197,P0062,2025-06-07,1,0.05,CASH,Returned
O00286,C0033,P0092,2024-01-14,1,0.25,Cash,PENDING
O00287,C0285,P0069,2025-12-21,1,0.2,BANK TRANSFER,COMPLETED
O00288,C0386,P0097,2024-02-29,5,0.0,Card,CANCELLED
O00289,C0003,P0072,2025-07-04,3,0.0,Cash,Cancelled
O00290,C0295,P0027,2023-11-27,1,0.1,Cash,completed
O00291,C0064,P0065,2024-09-03,1,0.2,Card,pending
O00292,C0484,P0085,2023-01-01,1,0.0,BANK TRANSFER,RETURNED
O00293,C0338,P0069,2025-06-30,1,0.15,cod,returned
O00294,C0268,P0046,2025-11-11,1,0.0,COD,completed
O00295,C0122,P0005,2024-01-21,1,0.3,Card,Cancelled
O00296,C0309,P0071,2024-03-18,2,0.1,Card,pending
O00297,C0039,P0071,2024-06-06,1,0.25,CARD,Pending
O00298,C0234,P0011,2024-06-04,2,0.25,CARD,CANCELLED
O00299,C0037,P0081,2024-07-05,20,0.25,Cod,cancelled
O00300,C0366,P0048,2025-11-13,2,0.15,CARD,Returned
O00301,C0404,P0056,2025-02-15,1,0.2,card,COMPLETED
O00302,C0139,P0016,2025-12-24,1,0.2,EasyPaisa,completed
O00303,C0169,P0082,2023-07-02,1,0.1,Jazzcash,Cancelled
O00304,C0445,P0029,2024-07-14,1,0.15,card,Pending
O00305,C0488,P0014,2023-09-10,1,0.25,jazzcash,Pending
O00306,C0049,P0068,2024-12-15,2,0.3,Jazzcash,Returned
O00307,C0312,P0013,2023-04-09,1,0.3,Easypaisa,Cancelled
O00308,C0177,P0095,2025-12-24,2,0.3,EasyPaisa,pending
O00309,C0304,P0017,2024-06-14,1,0.2,cod,Cancelled
O00310,C0337,P0017,2023-10-20,1,0.25,JazzCash,Completed
O00311,C0471,P0093,2025-01-28,2,0.05,Cod,pending
O00312,C0362,P0059,2024-01-10,1,0.1,EasyPaisa,RETURNED
O00313,C0142,P0055,2025-12-02,4,0.3,CARD,Returned
O00314,C0326,P0012,2024-09-17,1,0.1,Cash,COMPLETED
O00315,C0040,P0094,2024-05-06,4,0.05,Bank Transfer,Completed
O00316,C0044,P0096,2024-08-08,2,0.15,Cash,Pending
O00317,C0347,P0066,2023-10-07,1,0.2,COD,completed
O00318,C0208,P0002,2024-01-25,4,0.25,CASH,pending
O00319,C0360,P0069,2024-12-07,1,0.25,cod,COMPLETED
O00320,C0311,P0058,2023-12-12,2,0.3,Bank Transfer,Cancelled
O00321,C0090,P0010,2025-01-21,3,0.2,JazzCash,completed
O00322,C0217,P0064,2025-02-15,1,0.0,JazzCash,CANCELLED
O00323,C0426,P0070,2023-08-30,1,0.15,JAZZCASH,returned
O00324,C0110,P0001,2025-03-17,1,0.1,cod,Completed
O00325,C0479,P0060,2025-09-26,1,0.0,bank transfer,pending
O00326,C0169,P0039,2024-12-25,1,0.1,COD,cancelled
O00327,C0206,P0046,2023-01-19,1,0.15,card,COMPLETED
O00328,C0271,P0066,2023-11-11,1,0.15,Cash,Cancelled
O00329,C0394,P0085,2024-05-27,1,0.15,JAZZCASH,returned
O00330,C0187,P0055,2024-01-09,1,0.1,Cash,Pending
O00331,C0337,P0057,2023-11-28,1,0.25,EasyPaisa,COMPLETED
O00332,C0184,P0091,2024-02-11,1,0.1,cash,Cancelled
O00333,C0203,P0054,2024-11-09,4,0.05,cod,cancelled
O00334,C0486,P0062,2024-06-28,1,0.15,bank transfer,pending
O00335,C0410,P0088,2023-09-18,1,0.3,Easypaisa,pending
O00336,C0068,P0015,2023-08-09,2,0.05,card,RETURNED
O00337,C0257,P0002,2024-04-29,1,0.3,Jazzcash,PENDING
O00338,C0500,P0077,2023-01-17,1,0.1,JazzCash,Pending
O00339,C0043,P0098,2025-05-28,1,0.05,cod,cancelled
O00340,C0128,P0036,2023-08-24,3,0.25,Card,Pending
O00341,C0102,P0061,2023-07-31,2,0.2,bank transfer,Cancelled
O00342,C0097,P0076,2023-11-01,1,0.05,Easypaisa,COMPLETED
O00343,C0141,P0025,2023-10-27,1,0.2,card,COMPLETED
O00344,C0443,P0007,2025-02-17,1,0.1,COD,cancelled
O00345,C0114,P0044,2025-05-22,1,0.2,easypaisa,COMPLETED
O00346,C0156,P0015,2024-07-05,1,0.1,COD,pending
O00347,C0127,P0041,2023-04-08,1,0.0,CASH,RETURNED
O00348,C0109,P0037,2025-08-24,1,0.2,Cash,Pending
O00349,C0095,P0033,2025-10-03,1,0.1,Cash,completed
O00350,C0343,P0002,2023-09-24,1,0.25,Jazzcash,returned
O00351,C0122,P0084,2024-07-19,1,0.15,Cash,Completed
O00352,C0067,P0081,2023-09-04,1,0.25,Card,Cancelled
O00353,C0361,P0058,2023-07-22,1,0.2,Bank Transfer,RETURNED
O00354,C0155,P0093,2025-08-29,10,0.05,bank transfer,Cancelled
O00355,C0023,P0017,2024-01-28,1,0.25,JAZZCASH,RETURNED
O00356,C0459,P0047,2025-07-07,2,0.0,,Completed
O00357,C0248,P0054,2025-12-08,4,0.2,Cash,cancelled
O00358,C0307,P0036,2023-09-22,1,0.2,cash,cancelled
O00359,C0380,P0051,2025-10-10,2,0.3,BANK TRANSFER,Completed
O00360,C0085,P0057,2025-11-09,1,0.3,EasyPaisa,PENDING
O00361,C0311,P0035,2024-02-28,1,0.05,bank transfer,Cancelled
O00362,C0304,P0090,2023-01-19,3,0.3,BANK TRANSFER,PENDING
O00363,C0258,P0091,2025-12-11,1,0.3,card,Returned
O00364,C0363,P0035,2023-09-01,1,0.0,Bank Transfer,CANCELLED
O00365,C0150,P0006,2023-10-31,4,0.1,Card,Returned
O00366,C0448,P0007,2024-05-24,10,0.05,BANK TRANSFER,Completed
O00367,C0001,P0084,2024-12-12,2,0.1,Jazzcash,COMPLETED
O00368,C0485,P0091,2024-06-24,2,0.15,BANK TRANSFER,Returned
O00369,C0167,P0008,2023-01-22,3,0.05,cod,RETURNED
O00370,C0091,P0033,2023-02-02,1,0.3,Bank Transfer,Completed
O00371,C0370,P0096,2025-02-21,4,0.1,COD,cancelled
O00372,C0419,P0057,2024-03-27,1,0.05,BANK TRANSFER,pending
O00373,C0080,P0058,2024-04-19,2,0.15,JazzCash,Cancelled
O00374,C0462,P0062,2023-07-11,1,0.15,CARD,Cancelled
O00375,C0097,P0073,2025-10-01,4,0.05,Cod,returned
O00376,C0011,P0040,2023-11-30,3,0.3,easypaisa,Cancelled
O00377,C0036,P0019,2023-05-28,1,0.15,cod,Pending
O00378,C0052,P0093,2025-12-14,1,0.3,Cash,Completed
O00379,C0194,P0050,2023-02-12,1,0.0,Cod,Completed
O00380,C0068,P0032,2023-06-21,1,0.25,Bank Transfer,COMPLETED
O00381,C0406,P0002,2023-08-06,1,0.3,jazzcash,COMPLETED
O00382,C0104,P0018,2025-09-10,2,0.15,Card,RETURNED
O00383,C0170,P0062,2023-11-13,1,0.2,COD,Returned
O00384,C0322,P0070,2023-09-10,1,0.0,Cash,returned
O00385,C0053,P0066,2025-04-30,1,0.05,Cash,Cancelled
O00386,C0219,P0050,2023-10-29,1,0.1,Card,Pending
O00387,C0352,P0092,2023-08-19,1,0.0,CARD,Completed
O00388,C0490,P0037,2025-01-01,1,0.1,CASH,Returned
O00389,C0473,P0011,2023-03-30,2,0.05,easypaisa,Returned
O00390,C0308,P0024,2025-05-20,1,0.25,COD,RETURNED
O00391,C0320,P0037,2024-12-14,3,0.1,Easypaisa,Returned
O00392,C0478,P0034,2023-06-06,2,0.3,Card,Cancelled
O00393,C0164,P0019,2025-03-10,1,0.3,EasyPaisa,completed
O00394,C0058,P0074,2025-05-25,5,0.1,CARD,COMPLETED
O00395,C0166,P0017,2024-01-08,2,0.1,JAZZCASH,PENDING
O00396,C0218,P0062,2025-04-27,2,0.25,Jazzcash,Cancelled
O00397,C0411,P0084,2024-05-18,1,0.2,easypaisa,PENDING
O00398,C0273,P0069,2024-04-16,1,0.2,COD,Pending
O00399,C0270,P0074,2024-03-25,2,0.05,jazzcash,COMPLETED
O00400,C0105,P0003,2025-01-12,2,0.05,Cash,Completed
O00401,C0467,P0045,2025-01-09,3,0.3,CARD,returned
O00402,C0236,P0019,2025-05-12,1,0.3,CARD,Completed
O00403,C0383,P0018,2023-08-29,5,0.25,Card,PENDING
O00404,C0376,P0004,2025-05-19,1,0.25,Cash,COMPLETED
O00405,C0245,P0077,2023-11-20,1,0.1,CARD,Completed
O00406,C0126,P0010,2023-01-26,2,0.3,easypaisa,Cancelled
O00407,C0392,P0024,2025-08-20,2,0.25,bank transfer,Returned
O00408,C0241,P0053,2024-11-21,1,0.25,COD,Completed
O00409,C0147,P0015,2023-11-16,1,0.25,Cash,Cancelled
O00410,C0258,P0021,2023-01-23,1,0.15,cod,pending
O00411,C0284,P0092,2024-06-12,4,0.2,Jazzcash,cancelled
O00412,C0217,P0021,2024-07-10,5,0.2,EasyPaisa,Cancelled
O00413,C0381,P0028,2025-03-31,-5,0.05,Easypaisa,Cancelled
O00414,C0422,P0096,2023-06-08,3,0.15,EASYPAISA,Returned
O00415,C0335,P0083,,3,0.05,Cash,RETURNED
O00416,C0332,P0055,2024-02-03,1,0.0,Cash,Returned
O00417,C0309,P0100,2024-11-18,1,0.1,Card,COMPLETED
O00418,C0034,P0028,2023-01-23,2,0.1,Card,Cancelled
O00419,C0327,P0005,2024-05-07,1,0.2,Bank Transfer,completed
O00420,C0289,P0062,2023-04-04,1,0.0,jazzcash,Completed
O00421,C0183,P0097,2024-08-01,5,0.2,card,Returned
O00422,C0385,P0051,2024-12-29,5,0.25,cod,Completed
O00423,C0170,P0053,2025-10-28,1,0.3,card,completed
O00424,C0301,P0049,2025-09-03,2,0.3,cash,Returned
O00425,C0083,P0020,2025-08-06,1,5.0,CASH,cancelled
O00426,C0453,P0028,2023-10-16,2,0.05,Bank Transfer,returned
O00427,C0230,P0017,2024-11-25,1,0.2,Easypaisa,COMPLETED
O00428,C0457,P0092,2025-03-04,1,0.2,bank transfer,completed
O00429,C0491,P0020,2025-10-15,1,0.0,card,RETURNED
O00430,C0281,P0012,2025-10-18,1,0.1,Card,Returned
O00431,C0083,P0009,2024-07-27,2,0.1,cash,COMPLETED
O00432,C0092,P0091,2025-08-01,1,0.15,Jazzcash,pending
O00433,C0333,P0018,2023-09-11,5,0.15,cash,returned
O00434,C0440,P0037,2025-04-01,1,0.2,cod,CANCELLED
O00435,C0226,P0047,2025-11-15,3,0.1,Jazzcash,Completed
O00436,C0350,P0053,2025-11-02,1,0.25,CASH,Completed
O00437,C0380,P0032,2023-01-17,1,0.0,JazzCash,Pending
O00438,C0082,P0073,2025-03-28,3,0.05,,pending
O00439,C0343,P0012,2024-12-15,1,0.25,Bank Transfer,Pending
O00440,C0056,P0011,2024-01-05,2,0.15,easypaisa,CANCELLED
O00441,C0206,P0043,2023-05-13,1,0.2,Easypaisa,Cancelled
O00442,C0360,P0095,2025-09-02,1,0.15,Cash,Cancelled
O00443,C0486,P0061,2023-10-26,2,0.1,BANK TRANSFER,COMPLETED
O00444,C0308,P0100,2025-02-17,1,0.3,JAZZCASH,pending
O00445,C0243,P0028,2023-04-21,1,0.0,Cod,Pending
O00446,C0139,P0033,2023-12-27,1,0.0,jazzcash,Pending
O00447,C0042,P0039,2025-07-13,3,0.2,Card,RETURNED
O00448,C0095,P0007,07-09-2023,3,0.15,JAZZCASH,Returned
O00449,C0085,P0026,2024-12-16,4,0.15,EASYPAISA,cancelled
O00450,C0495,P0090,2025-06-13,1,0.25,BANK TRANSFER,Pending
O00451,C0422,P0002,2024-02-11,1,0.25,Bank Transfer,Cancelled
O00452,C0166,P0086,2024-10-10,1,0.15,CARD,pending
O00453,C0443,P0041,2023-08-21,2,0.25,Easypaisa,Returned
O00454,C0267,P0093,2023-01-08,10,0.3,Card,Pending
O00455,C0328,P0075,2023-07-19,1,0.25,CARD,Pending
O00456,C0357,P0070,2023-12-07,2,0.05,Jazzcash,Cancelled
O00457,C0488,P0025,2023-01-30,1,0.1,Cash,RETURNED
O00458,C0460,P0040,2025-10-25,3,0.0,COD,pending
O00459,C0333,P0059,2025-04-27,1,0.1,Bank Transfer,PENDING
O00460,C0268,P0098,2024-11-18,1,0.05,EASYPAISA,Pending
O00461,C0192,P0023,2023-11-30,1,0.15,JAZZCASH,pending
O00462,C0325,P0037,2023-07-23,20,0.3,Cash,COMPLETED
O00463,C0333,P0003,2025-04-22,1,0.25,,completed
O00464,C0325,P0057,2025-10-27,2,0.0,Cod,Returned
O00465,C0437,P0054,2024-03-09,1,0.15,Bank Transfer,Pending
O00466,C0059,P0026,2025-08-19,5,0.1,Easypaisa,PENDING
O00467,C0465,P0083,2025-03-21,1,0.1,CARD,returned
O00468,C0138,P0085,2024-06-25,1,0.3,EASYPAISA,cancelled
O00469,C0003,P0054,2023-03-08,1,0.05,JAZZCASH,returned
O00470,C0172,P0022,2025-05-30,1,0.15,card,Pending
O00471,C0425,P0007,2025-05-28,1,0.25,Easypaisa,cancelled
O00472,C0207,P0041,2025-11-25,1,0.05,cash,CANCELLED
O00473,C0259,P0016,2025-03-13,3,0.25,jazzcash,cancelled
O00474,C0486,P0042,2024-02-22,1,0.0,Easypaisa,COMPLETED
O00475,C0322,P0099,2023-11-10,1,0.25,Bank Transfer,completed
O00476,C0293,P0049,2023-02-21,2,0.05,EASYPAISA,Returned
O00477,C0096,P0031,2024-03-30,1,0.2,Card,Pending
O00478,C0395,P0034,2023-04-16,1,5.0,COD,COMPLETED
O00479,C0327,P0075,2023-07-31,1,0.2,CASH,completed
O00480,C0073,P0037,2024-06-20,3,0.0,Cash,pending
O00481,C0433,P0047,2024/03/01,1,0.15,CASH,Pending
O00482,C0038,P0063,06/06/2023,1,0.15,easypaisa,returned
O00483,C0325,P0058,2023-11-26,1,0.0,CARD,COMPLETED
O00484,C0061,P0044,2024-12-11,1,0.2,BANK TRANSFER,Completed
O00485,C0082,P0067,2024-06-05,4,0.05,bank transfer,Completed
O00486,C0275,P0003,2025-11-26,1,0.05,Card,Returned
O00487,C0059,P0028,2023-03-02,1,0.05,Cash,CANCELLED
O00488,C0138,P0036,2025-09-13,1,0.0,JAZZCASH,Returned
O00489,C0240,P0096,2025-10-12,1,0.15,card,RETURNED
O00490,C0089,P0026,2024-07-29,5,0.0,Bank Transfer,Returned
O00491,C0085,P0027,2025-09-26,1,0.15,Easypaisa,RETURNED
O00492,C0418,P0041,2023-08-09,2,0.15,Card,RETURNED
O00493,C0192,P0081,2023-05-12,1,0.0,BANK TRANSFER,Returned
O00494,C0301,P0053,2024-08-24,2,0.25,Bank Transfer,returned
O00495,C0204,P0004,2023-08-23,1,0.1,EasyPaisa,Cancelled
O00496,C0184,P0032,2023-05-29,1,0.1,JAZZCASH,Cancelled
O00497,C0400,P0041,2023-09-08,1,0.25,cash,Returned
O00498,C0110,P0060,2024-10-20,3,0.2,Cash,PENDING
O00499,C0146,P0078,2024-03-10,1,0.0,bank transfer,Returned
O00500,C0367,P0078,2023-06-03,2,0.25,EASYPAISA,Pending
O00501,C0163,P0041,2024-02-10,1,0.3,EasyPaisa,Pending
O00502,C0024,P0036,2025-05-12,1,0.15,Card,Returned
O00503,C0303,P0050,2024-04-29,2,0.1,CASH,COMPLETED
O00504,C0467,P0060,2024-08-05,1,0.15,Cash,COMPLETED
O00505,C0173,P0083,2023-02-03,1,0.0,EASYPAISA,Returned
O00506,C0141,P0041,2024-12-09,1,0.2,Jazzcash,PENDING
O00507,C0314,P0007,2025-03-16,1,0.15,EASYPAISA,Completed
O00508,C0432,P0048,2023-07-30,1,0.0,Cash,Cancelled
O00509,C0054,P0042,2025-06-11,1,0.0,card,returned
O00510,C0418,P0069,2023-01-11,4,0.3,cash,Returned
O00511,C0453,P0006,2023-08-15,1,0.1,CASH,Returned
O00512,C0169,P0089,2025-02-16,1,0.05,CARD,Pending
O00513,C0062,P0017,2024-10-15,3,0.3,Bank Transfer,pending
O00514,C0327,P0058,2023-09-08,1,0.05,Bank Transfer,PENDING
O00515,C0339,P0063,2024-07-28,1,0.25,EASYPAISA,Cancelled
O00516,C0048,P0034,2024-08-29,2,0.1,bank transfer,CANCELLED
O00517,C0338,P0083,2024-02-26,2,0.0,easypaisa,Completed
O00518,C0109,P0002,2024-03-18,1,0.15,card,pending
O00519,C0054,P0044,2024-03-03,3,0.3,Bank Transfer,Returned
O00520,C0390,P0040,2025-07-18,2,0.3,Bank Transfer,Completed
O00521,C0469,P0017,,4,0.15,Easypaisa,Cancelled
O00522,C0400,P0052,2024-01-20,1,0.15,card,Returned
O00523,C0488,P0074,2023-07-29,1,0.0,cod,COMPLETED
O00524,C0124,P0003,2025-08-01,1,0.0,Easypaisa,Pending
O00525,C0181,P0034,2023-08-31,4,0.0,JazzCash,Pending
O00526,C0109,P0020,2025-03-23,1,0.2,JAZZCASH,COMPLETED
O00527,C0226,P0035,2025-01-27,1,0.25,easypaisa,Pending
O00528,C0100,P0038,2024-01-23,1,0.2,jazzcash,PENDING
O00529,C0266,P0056,2023-08-12,2,0.25,card,completed
O00530,C0113,P0015,2023-04-19,3,0.2,JazzCash,Cancelled
O00531,C0034,P0069,2023-07-26,1,0.2,COD,Pending
O00532,C0201,P0051,2023-07-27,1,0.3,Cod,returned
O00533,C0254,P0027,2023-12-17,2,0.1,COD,Returned
O00534,C0362,P0077,2024-08-12,2,0.0,Card,Pending
O00535,C0379,P0040,2024-05-03,1,0.25,Cash,Cancelled
O00536,C0096,P0043,2025-07-21,1,0.0,COD,Pending
O00537,C0220,P0043,2023-02-12,1,0.1,Cash,Cancelled
O00538,C0348,P0098,2023-01-20,2,0.15,BANK TRANSFER,Completed
O00539,C0251,P0032,2025-08-25,1,0.3,cash,Returned
O00540,C0428,P0030,2025-12-11,1,0.3,card,COMPLETED
O00541,C0052,P0039,2024-11-18,-5,0.25,JazzCash,Returned
O00542,C0340,P0063,2024-06-03,1,0.0,JAZZCASH,returned
O00543,C0364,P0043,2025-11-26,2,0.3,BANK TRANSFER,pending
O00544,C0058,P0035,2025-11-29,2,0.0,Card,Pending
O00545,C0439,P0029,2023-10-18,1,0.0,CARD,pending
O00546,C0185,P0027,2023-07-02,1,0.15,Cod,COMPLETED
O00547,C0495,P0036,2025-07-09,10,0.2,CARD,Returned
O00548,C0467,P0087,2024-12-15,3,0.15,Bank Transfer,Pending
O00549,C0484,P0036,2024-09-25,1,0.2,BANK TRANSFER,Returned
O00550,C0428,P0079,2023-09-09,1,0.15,bank transfer,RETURNED
O00551,C0148,P0015,2023-01-18,1,0.25,Card,PENDING
O00552,C0349,P0020,2025-12-07,5,0.2,Bank Transfer,Cancelled
O00553,C0156,P0063,2024-08-13,1,0.1,cash,Pending
O00554,C0021,P0028,2024-08-02,3,0.0,CASH,Pending
O00555,C0157,P0001,2025-05-31,1,0.3,Cash,Completed
O00556,C0129,P0018,2024-12-18,3,0.3,Bank Transfer,cancelled
O00557,C0489,P0012,2024-07-08,1,0.25,Card,Pending
O00558,C0300,P0011,2024-08-18,1,0.15,JAZZCASH,CANCELLED
O00559,C0416,P0087,2025-03-02,1,0.0,jazzcash,Returned
O00560,C0306,P0040,2023-12-21,2,0.25,JAZZCASH,cancelled
O00561,C0350,P0099,2024-02-13,1,0.15,bank transfer,Cancelled
O00562,C0155,P0040,2023-06-25,1,0.25,EasyPaisa,cancelled
O00563,C0193,P0056,2023-07-16,1,0.15,COD,Returned
O00564,C0258,P0088,2025-01-02,1,0.15,EasyPaisa,pending
O00565,C0493,P0053,2025-08-02,1,0.2,Cash,Pending
O00566,C0046,P0097,2023-10-15,2,0.1,Card,RETURNED
O00567,C0066,P0080,2024-08-23,1,0.3,EASYPAISA,cancelled
O00568,C0207,P0086,2023-01-13,1,0.3,Bank Transfer,PENDING
O00569,C0430,P0007,2023-06-23,1,0.3,cod,Completed
O00570,C0171,P0077,2023-07-19,3,0.2,EasyPaisa,Returned
O00571,C0443,P0008,2023-09-06,2,0.25,Bank Transfer,Completed
O00572,C0360,P0027,2025-11-23,1,0.25,EasyPaisa,CANCELLED
O00573,C0115,P0087,2023-11-13,1,0.1,COD,Completed
O00574,C0413,P0063,2024-02-16,1,0.0,card,COMPLETED
O00575,C0267,P0013,2024-05-21,1,0.15,cash,PENDING
O00576,C0201,P0008,2023-09-07,1,0.15,Card,CANCELLED
O00577,C0431,P0070,2024-06-17,3,0.25,Easypaisa,completed
O00578,C0222,P0019,2023-02-14,1,0.3,Cod,Cancelled
O00579,C0088,P0066,,1,0.1,JAZZCASH,completed
O00580,C0492,P0076,2025-10-06,1,0.1,EASYPAISA,Pending
O00581,C0358,P0014,2025-08-08,1,0.15,card,COMPLETED
O00582,C0146,P0059,2023-09-04,2,0.0,Bank Transfer,returned
O00583,C0018,P0083,2025-06-29,1,0.1,Card,Pending
O00584,C0452,P0093,,1,0.05,JAZZCASH,Cancelled
O00585,C0179,P0091,2025-12-11,1,5.0,Card,cancelled
O00586,C0181,P0084,2024-11-25,0,0.3,card,Returned
O00587,C0402,P0098,2024-09-12,4,0.0,cod,PENDING
O00588,C0193,P0061,2024-01-05,2,0.2,COD,RETURNED
O00589,C0067,P0090,2024-10-25,2,0.2,JAZZCASH,Pending
O00590,C0035,P0006,2023-03-02,3,0.05,card,Completed
O00591,C0341,P0014,2025-10-19,4,0.15,JazzCash,Cancelled
O00592,C0396,P0094,2024-04-29,1,0.05,cod,Pending
O00593,C0387,P0054,2023-05-12,1,0.1,Cash,Completed
O00594,C0434,P0096,2023-05-30,1,0.1,BANK TRANSFER,Completed
O00595,C0473,P0023,2024-10-19,1,0.15,easypaisa,CANCELLED
O00596,C0327,P0074,2024-02-14,1,0.15,EasyPaisa,RETURNED
O00597,C0116,P0026,2023-11-28,1,0.2,card,Completed
O00598,C0299,P0004,2023-07-17,1,0.3,Card,COMPLETED
O00599,C0185,P0100,2025-04-15,2,0.3,Cash,RETURNED
O00600,C0095,P0088,2025-12-17,1,0.3,Card,Pending
O00601,C0257,P0046,2024-12-31,2,0.5,CARD,Completed
O00602,C0225,P0055,2025-02-09,3,0.2,Cash,Cancelled
O00603,C0401,P0067,2024-09-02,1,0.15,Card,COMPLETED
O00604,C0308,P0070,2024-11-08,1,0.3,jazzcash,Returned
O00605,C0200,P0091,2025-01-02,1,0.3,card,Returned
O00606,C0039,P0069,2024-05-09,3,0.2,bank transfer,RETURNED
O00607,C0205,P0080,2023-04-27,1,0.0,Bank Transfer,Pending
O00608,C0480,P0034,2023-03-03,1,0.15,JazzCash,Cancelled
O00609,C0172,P0098,2023-05-02,1,0.2,Cod,returned
O00610,C0474,P0097,08-May-2023,1,0.0,BANK TRANSFER,completed
O00611,C0178,P0010,2025-05-02,-5,0.2,CASH,Pending
O00612,C0485,P0017,2024-07-08,2,0.0,Cash,Pending
O00613,C0260,P0029,2024-12-18,1,0.1,Card,Completed
O00614,C0477,P0008,2023-02-23,2,0.3,card,PENDING
O00615,C0350,P0088,2023-02-07,2,0.0,EASYPAISA,Pending
O00616,C0357,P0017,2025-05-30,2,0.2,Card,Completed
O00617,C0225,P0016,2025-01-23,1,0.1,EASYPAISA,Completed
O00618,C0122,P0030,2023-07-08,2,0.05,EASYPAISA,completed
O00619,C0411,P0002,2024-05-26,3,0.0,CASH,Cancelled
O00620,C0225,P0024,2024-08-01,1,0.1,bank transfer,cancelled
O00621,C0150,P0017,2025-03-25,1,0.0,Cod,completed
O00622,C0040,P0033,2024-02-26,1,0.25,Jazzcash,CANCELLED
O00623,C0228,P0092,2024-09-11,4,0.3,bank transfer,RETURNED
O00624,C0445,P0084,2024-05-15,1,0.1,JazzCash,completed
O00625,C0028,P0045,2025-04-21,2,0.2,easypaisa,Returned
O00626,C0041,P0027,2023-10-08,3,0.2,Card,returned
O00627,C0380,P0071,2024-03-07,1,0.25,Card,COMPLETED
O00628,C0121,P0090,2025-06-20,2,0.15,Cash,COMPLETED
O00629,C0256,P9999,2024-07-07,1,0.15,jazzcash,Completed
O00630,C0031,P0036,2025-02-25,1,0.3,Easypaisa,pending
O00631,C0228,P0006,2024-04-04,1,0.05,COD,PENDING
O00632,C0273,P0007,2024-09-16,1,0.3,JazzCash,Completed
O00633,C0466,P0078,19-Nov-2024,4,0.1,Bank Transfer,Cancelled
O00634,C0388,P0004,2024-11-29,2,0.2,EasyPaisa,pending
O00635,C0401,P0094,2023-04-27,3,0.2,EASYPAISA,Returned
O00636,C0440,P0069,2025-08-07,1,0.25,Bank Transfer,Returned
O00637,C0084,P0049,2025-08-15,2,0.05,Card,COMPLETED
O00638,C0144,P0088,2024-07-15,1,0.05,Bank Transfer,RETURNED
O00639,C0173,P0074,2025-03-19,1,0.1,Jazzcash,Returned
O00640,C0338,P0033,2023-01-26,1,0.2,COD,RETURNED
O00641,C0429,P0034,2024-01-02,1,0.0,EASYPAISA,Completed
O00642,C0239,P0005,2025-01-04,1,0.3,Bank Transfer,cancelled
O00643,C0210,P0008,2023-06-12,1,0.2,Bank Transfer,Returned
O00644,C0489,P0009,2025-06-21,1,0.3,JazzCash,Returned
O00645,C0445,P0064,2023-09-18,1,1.5,card,Completed
O00646,C0120,P0015,2023-03-20,1,0.2,EasyPaisa,RETURNED
O00647,C0022,P0071,2024-04-11,1,0.25,JazzCash,returned
O00648,C0009,P0087,2024-12-24,1,0.0,Bank Transfer,cancelled
O00649,C0180,P0014,2023-06-08,1,0.0,Bank Transfer,COMPLETED
O00650,C0122,P0027,2024-10-29,2,0.3,cod,Pending
O00651,C0037,P0083,2025-05-23,3,0.05,cash,Returned
O00652,C0311,P0047,2024-11-17,5,0.25,jazzcash,Pending
O00653,C0483,P0038,2023-03-05,1,0.0,JAZZCASH,Cancelled
O00654,C0467,P0076,2023-02-22,1,0.05,jazzcash,Returned
O00655,C0482,P0028,2025-02-14,3,0.0,cod,CANCELLED
O00656,C0196,P0098,2023-06-10,5,0.05,bank transfer,pending
O00657,C0276,P0094,2023-09-06,3,0.2,Cash,Pending
O00658,C0338,P0068,2025-12-01,1,0.1,CARD,Returned
O00659,C0467,P0032,2024-11-04,1,0.3,JAZZCASH,Cancelled
O00660,C0234,P0041,2023-08-25,2,0.15,COD,Pending
O00661,C0186,P0011,2024-12-21,2,0.0,JAZZCASH,PENDING
O00662,C0310,P0030,2025-07-08,2,0.05,Bank Transfer,cancelled
O00663,C0474,P0069,2024-05-16,2,0.15,Cod,Cancelled
O00664,C0311,P0034,2024-08-10,1,0.0,CASH,PENDING
O00665,C0216,P0065,2023/10/31,2,0.25,Card,Cancelled
O00666,C0449,P0059,2023-02-01,1,0.15,JazzCash,pending
O00667,C0381,P0013,2023-09-16,3,0.3,Easypaisa,COMPLETED
O00668,C0354,P0022,2023-05-30,1,0.3,BANK TRANSFER,Pending
O00669,C0463,P0055,2024-12-26,1,0.25,bank transfer,Cancelled
O00670,C0365,P0038,2023-09-01,1,0.3,jazzcash,Completed
O00671,C0370,P0006,2023-06-01,2,0.1,EasyPaisa,PENDING
O00672,C0323,P0058,2025-06-11,1,0.15,cod,Cancelled
O00673,C0376,P0024,2025-11-09,1,0.0,Bank Transfer,returned
O00674,C0346,P0084,2025-07-17,1,0.15,card,Returned
O00675,C0484,P0099,2023-07-18,1,0.15,JAZZCASH,Completed
O00676,C0289,P0067,2025-12-11,2,0.3,easypaisa,Returned
O00677,C0166,P0050,2024-10-14,2,0.05,Cash,Cancelled
O00678,C0221,P0067,2024-07-23,2,0.2,JAZZCASH,Completed
O00679,C0178,P0037,2023-12-06,1,0.1,Easypaisa,PENDING
O00680,C0115,P0022,2024-08-13,4,0.1,BANK TRANSFER,completed
O00681,C0474,P0030,2024-07-24,1,0.05,BANK TRANSFER,Cancelled
O00682,C0015,P0077,2023-03-23,5,0.2,Bank Transfer,Cancelled
O00683,C0004,P0063,2023-02-22,1,0.1,Bank Transfer,Pending
O00684,C0375,P0057,2025-12-02,1,0.15,jazzcash,Completed
O00685,C0367,P0091,2023/09/03,1,0.15,EasyPaisa,returned
O00686,C0045,P0018,2024-07-24,2,0.0,JAZZCASH,Completed
O00687,C0382,P0029,2023-06-02,1,0.2,JazzCash,Returned
O00688,C0233,P0081,2025-11-16,2,0.0,COD,Returned
O00689,C0457,P0005,2025-06-06,1,0.25,BANK TRANSFER,Returned
O00690,C0098,P0072,2023-03-14,4,0.25,CASH,Cancelled
O00691,C0071,P0076,2025-02-09,3,0.05,COD,cancelled
O00692,C0136,P0061,2023-11-07,1,0.05,COD,PENDING
O00693,C0145,P0017,2024-02-11,2,0.0,Bank Transfer,Cancelled
O00694,C0002,P0056,2023-05-18,1,0.2,Card,Cancelled
O00695,C0020,P0054,2024-06-22,2,0.25,bank transfer,CANCELLED
O00696,C0327,P0045,2025-09-18,1,0.05,jazzcash,cancelled
O00697,C0449,P0038,2025-09-20,1,0.25,EASYPAISA,Returned
O00698,C0279,P0062,2024-08-28,1,0.0,Jazzcash,pending
O00699,C0497,P0058,2024-10-28,1,0.15,CASH,Cancelled
O00700,C0238,P0041,2023-08-21,1,0.15,cod,CANCELLED
O00701,C0397,P0062,2025-09-28,2,0.25,card,completed
O00702,C0149,P0035,2025-11-05,1,0.3,Easypaisa,Completed
O00703,C0288,P0099,2024-10-23,1,0.1,easypaisa,Pending
O00704,C0415,P0057,2025-05-20,1,0.0,jazzcash,Pending
O00705,C0373,P0029,2024-11-26,2,0.0,JazzCash,Pending
O00706,C0210,P0029,2023-12-08,1,0.3,COD,Completed
O00707,C0486,P0079,2024-11-06,1,0.2,Cash,completed
O00708,C0411,P0049,2023-07-04,2,0.1,JAZZCASH,completed
O00709,C0336,P0007,2025-11-28,1,0.2,CARD,Cancelled
O00710,C0430,P0069,2025-03-21,3,0.05,jazzcash,Cancelled
O00711,C0467,P0048,2024-11-09,1,0.2,Cod,cancelled
O00712,C0482,P0002,2023-03-15,3,0.3,Bank Transfer,COMPLETED
O00713,C0257,P0051,2025-09-20,1,0.1,JazzCash,COMPLETED
O00714,C0118,P0081,2024-05-21,1,0.25,CASH,pending
O00715,C0336,P0052,2023-09-26,3,0.1,Cash,Completed
O00716,C0038,P0065,2025-04-30,1,0.25,Bank Transfer,Cancelled
O00717,C0049,P0095,2025-03-12,1,0.2,JAZZCASH,returned
O00718,C0218,P0066,2023-02-17,1,0.15,card,Completed
O00719,C0136,P0084,2025-08-23,1,0.15,Cash,CANCELLED
O00720,C0496,P0053,2024-07-24,1,0.25,Bank Transfer,CANCELLED
O00721,C0196,P0003,2025-10-14,2,0.1,Bank Transfer,Completed
O00722,C0232,P0029,2023-02-20,1,0.05,easypaisa,RETURNED
O00723,C0245,P0073,2023-08-12,2,0.1,Card,Completed
O00724,C0049,P0072,2023-12-13,1,0.15,Bank Transfer,cancelled
O00725,C0043,P0019,2025-04-05,2,0.15,Bank Transfer,CANCELLED
O00726,C0031,P0099,2025-10-07,1,0.1,COD,Returned
O00727,C0428,P0020,16/03/2023,1,0.2,Bank Transfer,Pending
O00728,C0447,P9999,2024-07-03,2,0.3,Bank Transfer,PENDING
O00729,C0280,P0064,2024-10-03,5,0.05,JazzCash,Pending
O00730,C0363,P0062,2025-11-19,2,0.25,cod,Completed
O00731,C0472,P0014,2025-05-21,2,0.15,CARD,completed
O00732,C0083,P0067,2023-09-06,1,0.15,cash,Completed
O00733,C0454,P0055,2025-10-11,1,0.3,bank transfer,pending
O00734,C0072,P0096,2025-05-06,1,0.1,cash,Pending
O00735,C0151,P0093,09/07/2024,1,0.2,Jazzcash,Cancelled
O00736,C0073,P0038,2025-12-07,2,0.3,Bank Transfer,Returned
O00737,C0266,P0078,2024-05-29,1,0.05,Jazzcash,Cancelled
O00738,C0085,P0068,2025-08-28,1,0.15,CARD,CANCELLED
O00739,C0241,P0009,2023-01-12,1,0.05,Card,COMPLETED
O00740,C0276,P0059,2024-11-08,1,0.2,EasyPaisa,Cancelled
O00741,C0035,P0045,2024-04-07,1,0.0,Card,returned
O00742,C0146,P0055,2024-09-18,1,0.3,Easypaisa,Returned
O00743,C0288,P0070,2024-02-19,1,0.05,Cash,Cancelled
O00744,C0144,P0023,2024-06-22,2,0.05,BANK TRANSFER,pending
O00745,C0170,P0074,2024-07-21,5,0.25,Bank Transfer,PENDING
O00746,C0108,P0022,2023-01-06,2,0.05,CASH,Cancelled
O00747,C0074,P0022,2025-08-31,3,0.1,Cash,Completed
O00748,C0071,P0066,2025-06-19,1,0.15,Jazzcash,returned
O00749,C0257,P0098,2023-08-29,1,0.15,easypaisa,Pending
O00750,C0362,P0061,2024-12-28,1,0.2,jazzcash,completed
O00751,C0453,P0078,2024-03-14,5,0.25,JazzCash,cancelled
O00752,C0431,P0056,2025-06-23,1,0.3,JazzCash,Completed
O00753,C0286,P0056,2024-12-14,1,0.3,JazzCash,Pending
O00754,C0395,P0086,2024-12-09,2,0.05,BANK TRANSFER,Cancelled
O00755,C0196,P0048,2024-01-02,4,0.0,CARD,Pending
O00756,C0185,P0068,04-Feb-2024,1,0.1,JazzCash,Completed
O00757,C0467,P0048,2024-06-03,1,0.0,Bank Transfer,Returned
O00758,C0018,P0083,2024-07-17,2,0.15,cash,RETURNED
O00759,C0141,P0081,2023-04-28,5,0.3,cash,PENDING
O00760,C0312,P0081,2025-07-19,1,0.15,COD,Completed
O00761,C0020,P0048,2023-03-01,2,0.25,Card,CANCELLED
O00762,C0446,P0017,2023-06-19,1,0.3,cash,completed
O00763,C0228,P0082,2023-05-08,1,0.3,Bank Transfer,returned
O00764,C0437,P0025,2023-02-04,1,0.25,JAZZCASH,CANCELLED
O00765,C0464,P0076,2025-01-20,1,0.25,Easypaisa,pending
O00766,C0429,P0086,2023-05-06,1,0.3,Bank Transfer,Cancelled
O00767,C0374,P0035,2023-06-21,1,0.0,JAZZCASH,Cancelled
O00768,C0353,P0065,2025-04-18,1,0.25,CASH,RETURNED
O00769,C0141,P0072,2024-12-19,1,0.15,Bank Transfer,completed
O00770,C0290,P0060,2023-06-30,1,0.0,Card,COMPLETED
O00771,C0096,P0041,2023-02-11,2,0.3,CASH,cancelled
O00772,C0327,P0048,2025-07-31,1,0.25,CARD,returned
O00773,C0429,P0088,2024-01-27,2,0.25,CARD,Returned
O00774,C0028,P0049,2024-08-10,1,0.05,bank transfer,Returned
O00775,C0212,P0029,2024-01-21,1,0.05,CARD,Returned
O00776,C0133,P0090,2025-06-19,1,0.5,jazzcash,Returned
O00777,C0179,P0099,,1,0.25,COD,CANCELLED
O00778,C0019,P0075,2025-02-28,1,0.2,Card,Pending
O00779,C0178,P0083,2024-08-14,1,0.25,Bank Transfer,returned
O00780,C0047,P0066,2024-03-07,1,0.15,Jazzcash,Completed
O00781,C0473,P0015,2025-11-24,2,0.05,Easypaisa,CANCELLED
O00782,C0240,P0076,2024-10-23,1,0.15,COD,Completed
O00783,C9999,P0090,2023-08-03,2,0.3,Cash,cancelled
O00784,C0216,P0061,2024-11-16,1,0.0,CARD,returned
O00785,C0157,P0021,2025-08-14,1,0.3,Cash,Pending
O00786,C0415,P0079,2025-07-23,2,0.25,easypaisa,pending
O00787,C0243,P0032,2024-06-01,2,0.2,JazzCash,Pending
O00788,C0348,P0052,2024-09-06,1,0.05,Bank Transfer,Completed
O00789,C0216,P0055,2024-07-05,5,0.15,BANK TRANSFER,Completed
O00790,C0084,P0066,2023-12-07,4,0.2,Cod,CANCELLED
O00791,C0488,P0073,2023-10-13,1,0.1,cash,COMPLETED
O00792,C0159,P0099,2023-10-17,3,0.15,easypaisa,CANCELLED
O00793,C0236,P0001,2023-10-30,1,0.05,Jazzcash,RETURNED
O00794,C0042,P0024,2024-04-28,3,0.15,Cash,cancelled
O00795,C0079,P0088,2025/02/05,1,0.05,jazzcash,Completed
O00796,C0242,P0071,2025-03-18,2,0.15,Cod,Pending
O00797,C0426,P0060,2024-05-12,2,0.0,EasyPaisa,CANCELLED
O00798,C0163,P0098,2023-10-01,1,0.1,jazzcash,Pending
O00799,C0306,P0051,2025-12-29,1,0.15,Cod,Completed
O00800,C0114,P0078,2023-12-31,2,0.1,JazzCash,Returned
O00801,C0257,P0001,2025-03-26,4,0.25,Card,Cancelled
O00802,C0256,P0025,2023-04-01,1,0.15,Cash,RETURNED
O00803,C0197,P0084,2024-01-04,1,0.1,JazzCash,PENDING
O00804,C0346,P0062,2023-03-13,1,0.15,Card,Cancelled
O00805,C0204,P0088,2025-11-25,3,0.15,Cash,Returned
O00806,C0352,P0094,2023-07-27,2,0.15,cash,CANCELLED
O00807,C0164,P0017,2025-11-04,1,0.15,Cash,pending
O00808,C0335,P0086,2025-04-02,1,0.0,JazzCash,PENDING
O00809,C0133,P0095,2023-08-26,2,0.3,EasyPaisa,Returned
O00810,C0400,,2024-11-17,3,0.1,CASH,Cancelled
O00811,C0218,P0069,2025-02-24,3,0.0,Card,Completed
O00812,C0173,P0091,2024-06-12,1,0.3,Bank Transfer,PENDING
O00813,C0223,P0007,2025-08-09,1,0.0,Easypaisa,PENDING
O00814,C0188,P0007,2025-01-26,1,0.1,COD,Returned
O00815,C0393,P0004,2024-07-01,1,0.1,EasyPaisa,completed
O00816,C0229,P0042,2024-09-01,2,0.2,cash,returned
O00817,C0375,P0005,2025-12-24,2,0.05,card,COMPLETED
O00818,C0274,P0013,2023-09-16,2,0.25,Easypaisa,Pending
O00819,C0458,P0036,2024-12-08,5,0.25,Bank Transfer,cancelled
O00820,C0471,P0094,2025-12-08,2,0.0,cash,RETURNED
O00821,C0191,P0005,2023-10-28,2,0.25,COD,Completed
O00822,C0196,P0066,2023-06-11,1,0.25,COD,returned
O00823,C0217,P0052,2023-02-15,1,0.25,Jazzcash,Completed
O00824,C0429,P0056,2023-08-27,2,0.2,Jazzcash,returned
O00825,C0316,,2024-05-14,2,0.0,Jazzcash,PENDING
O00826,C0111,P0098,2025-06-13,1,0.5,Card,Returned
O00827,C0257,P0086,2023-04-04,2,0.05,COD,Returned
O00828,C0140,P0001,2025-04-13,1,0.3,EasyPaisa,Cancelled
O00829,C0141,P0035,2025-08-05,2,0.25,JAZZCASH,Completed
O00830,C0114,P0029,2023-02-07,2,0.05,Cash,returned
O00831,C0373,P0092,2025-08-01,2,0.25,bank transfer,RETURNED
O00832,C0278,P0050,2025-09-01,4,0.0,Jazzcash,RETURNED
O00833,C0164,P0045,2025-06-29,1,0.3,cod,Pending
O00834,C0108,P0069,2023-12-15,2,0.1,EasyPaisa,COMPLETED
O00835,C0339,P0074,2023-06-10,2,0.2,JazzCash,Completed
O00836,C0107,P0096,2025-12-20,1,0.1,JAZZCASH,Pending
O00837,C0346,P0060,2023-03-02,1,0.2,Card,Returned
O00838,C0290,P0056,2025-04-30,20,0.0,Jazzcash,PENDING
O00839,C0121,P0049,2023-09-27,1,0.3,CASH,Completed
O00840,C0203,P0028,2024-03-08,20,0.2,Jazzcash,cancelled
O00841,C0443,P0021,2025-04-01,2,0.1,Card,Pending
O00842,C0462,P0077,2024-07-25,0,0.1,Cod,COMPLETED
O00843,C0341,P0088,2024-10-12,1,0.2,Easypaisa,CANCELLED
O00844,C0440,P0052,2025-10-10,2,0.1,easypaisa,cancelled
O00845,C0474,P0023,2025-03-30,1,0.2,JAZZCASH,Pending
O00846,C0336,P0023,2023-07-21,1,0.25,EASYPAISA,pending
O00847,C0211,P0025,2023-03-01,2,0.05,Bank Transfer,Completed
O00848,C0307,P0074,2025-04-17,4,0.1,Bank Transfer,cancelled
O00849,C0086,P0073,2025-08-24,2,0.1,cash,PENDING
O00850,C0283,P0066,2024-01-31,3,0.05,easypaisa,RETURNED
O00851,C0371,P0031,2023-12-25,1,0.25,Card,RETURNED
O00852,C0068,P0038,2023-05-13,3,0.05,BANK TRANSFER,Pending
O00853,C0236,P0032,2025-06-27,10,0.3,Card,Pending
O00854,C0257,P0083,2023-08-16,3,0.3,jazzcash,Cancelled
O00855,C0126,P0060,2023-05-24,1,0.0,COD,Pending
O00856,C0444,P0067,2025-08-20,3,0.0,Easypaisa,returned
O00857,C0453,P0092,2023-09-05,2,0.2,cod,Completed
O00858,C0225,,2023-05-03,1,0.15,Cod,completed
O00859,C0187,P0052,2025-11-13,2,0.15,EASYPAISA,COMPLETED
O00860,C0054,P0019,2024-06-21,2,0.2,cash,Cancelled
O00861,C0188,P0053,2024-11-26,1,0.05,EASYPAISA,Cancelled
O00862,C0136,P0013,2024-11-06,2,0.0,EasyPaisa,Pending
O00863,C0386,P0032,2024-06-16,1,0.25,EasyPaisa,RETURNED
O00864,C0404,P0058,12-Jun-2024,2,0.2,Cash,Cancelled
O00865,C0076,P0067,2024-08-13,1,0.1,BANK TRANSFER,Returned
O00866,C0366,P0038,2024-09-20,4,0.05,Bank Transfer,RETURNED
O00867,C0244,P0092,2025-06-19,2,0.05,Cod,cancelled
O00868,C0076,P0078,2024-08-21,3,0.1,Cod,Cancelled
O00869,C0015,P0028,2024-09-12,1,0.0,JAZZCASH,RETURNED
O00870,C0370,P0066,2025-11-24,1,0.2,Card,returned
O00871,C0330,P0020,2025-10-23,1,0.1,Easypaisa,pending
O00872,C0332,P0022,2025-12-11,1,0.15,easypaisa,completed
O00873,C0343,P0009,2024-12-02,1,0.05,CARD,cancelled
O00874,C0143,P0078,2023-09-02,2,0.1,EasyPaisa,PENDING
O00875,C0292,P0082,2023-01-25,3,0.3,bank transfer,Cancelled
O00876,C0380,P0026,2025-01-14,2,0.15,COD,Completed
O00877,C0488,P0043,2025-11-05,1,0.2,Bank Transfer,Completed
O00878,C0497,P0008,2025-07-03,2,0.05,Card,Returned
O00879,C0409,P0095,2024-01-10,2,0.25,CARD,Cancelled
O00880,C0354,P0092,2025-07-23,1,0.2,Jazzcash,RETURNED
O00881,C0047,P0096,2024-01-25,2,0.0,CARD,Returned
O00882,,P0027,2024-04-11,1,0.3,Bank Transfer,pending
O00883,C0238,P0013,2023-04-15,1,0.25,Cash,Cancelled
O00884,C0245,P0015,2025-06-24,1,0.05,cash,Cancelled
O00885,C0307,P0063,2024-09-06,2,0.2,EASYPAISA,COMPLETED
O00886,C0369,P0057,2024-02-03,2,0.25,BANK TRANSFER,Pending
O00887,C0001,P0033,2025-04-13,2,0.15,COD,CANCELLED
O00888,C0169,P0065,2025-09-16,1,0.25,jazzcash,returned
O00889,C0445,P0069,2024-05-24,1,0.25,bank transfer,Returned
O00890,C0321,P0057,2023-08-17,5,0.05,EASYPAISA,COMPLETED
O00891,C0164,P0066,2025-08-21,1,0.05,Cash,Pending
O00892,,P0039,2023-07-13,4,0.15,Jazzcash,cancelled
O00893,C0100,P0100,2023-08-11,2,0.05,JazzCash,Returned
O00894,C0164,P0099,2025-12-22,1,0.25,jazzcash,Cancelled
O00895,C0293,P0087,2023-11-13,1,0.05,EASYPAISA,Cancelled
O00896,C0437,P0021,2023-11-18,1,0.2,easypaisa,pending
O00897,C0400,P0093,2024-07-05,1,0.1,EasyPaisa,Returned
O00898,C0190,P0019,2024-09-19,1,0.1,COD,Returned
O00899,C0231,P0040,2025-05-21,2,0.3,easypaisa,Completed
O00900,C0391,P0052,24-Apr-2023,5,0.1,COD,CANCELLED
O00901,C0500,P0059,2024-07-15,1,0.25,Card,Cancelled
O00902,C0339,P0092,2024-06-08,1,0.1,CASH,RETURNED
O00903,C0219,P0049,2024-10-29,2,0.25,Card,Cancelled
O00904,C0317,P0065,2025-06-20,3,0.0,Cash,Cancelled
O00905,C0083,P0042,2025-09-09,4,0.2,easypaisa,COMPLETED
O00906,C0400,P0085,2025-03-09,2,0.25,Easypaisa,Cancelled
O00907,C0144,P0078,2025-02-07,1,0.0,Cod,returned
O00908,C0142,P0069,2025-01-26,1,0.1,Cash,pending
O00909,C0069,P0096,2023-06-01,1,0.3,COD,PENDING
O00910,C0423,P0020,2023-11-05,2,0.2,Card,Completed
O00911,C0225,P0032,2024-11-02,2,0.3,cod,RETURNED
O00912,C0286,P0068,2024-08-19,2,0.05,cash,Returned
O00913,C0491,P0047,2025-07-02,2,0.05,CARD,Returned
O00914,C0240,P0030,2025-08-01,1,0.05,cod,Returned
O00915,C0131,P0078,2023-02-17,1,0.25,EasyPaisa,PENDING
O00916,C0203,P0063,2023-04-09,3,0.0,bank transfer,Returned
O00917,C0009,P0073,2025-06-14,20,0.2,JazzCash,pending
O00918,C0145,P0074,2024-11-14,2,0.25,cash,COMPLETED
O00919,C0499,P0072,2023-08-19,1,0.3,Bank Transfer,Completed
O00920,C0294,P0060,2024-01-26,2,0.3,cod,Pending
O00921,C0419,P0036,2025-08-11,1,0.25,Card,returned
O00922,C0038,P0024,2024-11-26,1,0.3,COD,Pending
O00923,C0456,P0003,,2,0.0,Bank Transfer,pending
O00924,C0010,P0002,2024-04-06,1,0.05,jazzcash,Cancelled
O00925,C0300,P0087,2024-10-30,1,0.25,Cod,Cancelled
O00926,C0395,P0074,2024-12-27,3,0.25,BANK TRANSFER,Cancelled
O00927,C0097,P0099,2023-10-31,1,0.05,cash,Completed
O00928,C0274,P0078,2023-03-22,2,0.2,jazzcash,COMPLETED
O00929,C0168,P0041,2024-04-16,2,0.05,JAZZCASH,Cancelled
O00930,C0218,P0035,2024-04-22,4,0.05,JAZZCASH,Completed
O00931,C0071,P0057,2023-09-10,3,0.15,cash,pending
O00932,C0445,P0096,2024-03-03,1,0.15,Easypaisa,Pending
O00933,C0102,P0027,2025-02-18,2,0.0,cash,cancelled
O00934,C0260,P0075,2025-11-23,1,0.3,Card,COMPLETED
O00935,C0482,P0063,2025-01-03,2,0.1,easypaisa,Cancelled
O00936,C0108,P0012,2025-11-04,1,0.1,BANK TRANSFER,Completed
O00937,C0484,P0059,2023-02-03,1,0.3,Easypaisa,Pending
O00938,C0493,P0013,2024-12-27,1,0.1,CASH,PENDING
O00939,C0485,P0084,2024-09-07,1,0.25,Cash,pending
O00940,C0449,P0061,2023-02-02,5,0.1,COD,Returned
O00941,C0024,P0019,2024-05-24,1,0.0,Card,cancelled
O00942,C0072,P0089,2025-08-20,2,0.0,bank transfer,CANCELLED
O00943,C0444,P0095,23-Aug-2024,1,0.15,card,pending
O00944,C0089,P0023,2025-11-28,5,0.25,Cod,Cancelled
O00945,C0187,P0015,2023-11-29,1,0.05,jazzcash,pending
O00946,C0321,P0048,2024-06-27,2,0.0,CASH,Returned
O00947,C0015,P0061,2023-03-12,2,0.05,EASYPAISA,Completed
O00948,C0277,P0049,2025-12-11,1,0.0,Cash,RETURNED
O00949,C0460,P0029,2023-07-08,1,0.0,Cash,PENDING
O00950,C0238,P0054,2025-06-20,1,0.2,cod,COMPLETED
O00951,C0160,P0061,2025-08-19,3,0.1,card,Returned
O00952,C0337,P0070,2025-01-18,5,0.25,cod,completed
O00953,C0245,P0064,2024-02-06,1,0.2,card,Cancelled
O00954,C0116,P0085,2023-06-18,2,0.25,easypaisa,Returned
O00955,C0455,P0079,2023-08-04,1,0.1,Card,returned
O00956,C0169,P0091,2025-08-04,2,0.2,Bank Transfer,Returned
O00957,C0390,P0017,2024-11-02,1,0.25,Card,completed
O00958,C0383,P0050,2023-04-09,2,0.05,Cash,cancelled
O00959,C0325,P0005,2024-05-02,1,0.1,CASH,Pending
O00960,C0248,P0045,2024-01-20,2,0.3,Bank Transfer,PENDING
O00961,C0232,P0028,2025-07-17,2,0.2,easypaisa,Completed
O00962,C0382,P0036,2025-11-19,4,0.1,CARD,RETURNED
O00963,C0175,P0063,2025-07-23,2,0.25,Jazzcash,Returned
O00964,C0033,P0047,2025-05-23,2,0.2,CARD,COMPLETED
O00965,C0117,P0059,2023-08-16,1,0.25,JazzCash,Cancelled
O00966,C0448,P0045,2024-09-20,1,0.2,CASH,Cancelled
O00967,C0204,P0066,2024-02-04,1,0.25,CARD,Completed
O00968,C0102,P0094,2024-12-25,1,0.3,Card,Completed
O00969,C0410,P0069,2025-01-12,1,0.25,Bank Transfer,CANCELLED
O00970,C0192,P0021,2023-07-25,2,0.25,Cod,Cancelled
O00971,C0432,P0097,2023-11-08,1,0.2,EasyPaisa,Cancelled
O00972,C0143,P0007,03-31-2025,1,0.2,Easypaisa,pending
O00973,C0240,P0042,2023-10-06,2,0.1,CASH,Completed
O00974,C0129,P0091,2024-09-30,1,0.25,bank transfer,COMPLETED
O00975,C0031,P0097,2025-04-20,1,0.15,Card,CANCELLED
O00976,C0201,P0021,2025-05-08,1,0.05,card,Returned
O00977,C0037,P0029,2024-07-19,1,0.15,CASH,CANCELLED
O00978,C0106,P0057,2023-10-19,2,0.3,jazzcash,completed
O00979,C0327,P0016,2025-12-02,1,0.0,COD,Pending
O00980,C0119,P0085,2025-06-16,1,0.0,BANK TRANSFER,PENDING
O00981,C0079,P0010,2024-11-30,3,0.0,easypaisa,Returned
O00982,C0058,P0081,2025-08-13,1,0.05,COD,Pending
O00983,C0389,P0038,2024-04-05,1,0.0,cod,RETURNED
O00984,C0124,P0086,2025-10-09,3,0.15,EasyPaisa,COMPLETED
O00985,C0327,P0014,2024-07-27,3,0.25,JazzCash,Returned
O00986,C0328,P0066,2024-11-04,1,0.3,JAZZCASH,Returned
O00987,C0043,P0002,2023-07-27,2,0.15,Card,pending
O00988,C0114,P0076,2025-06-07,2,0.0,COD,PENDING
O00989,C0288,P0078,2025-02-08,2,0.3,,pending
O00990,C0022,P0078,2023-08-09,2,0.3,cod,completed
O00991,C0295,P0013,2023-08-29,5,0.05,Jazzcash,pending
O00992,C0418,P0051,2023-03-23,1,0.3,easypaisa,pending
O00993,C0294,P0067,2023-03-18,0,0.3,COD,Pending
O00994,C0343,P0004,2024-03-18,2,0.0,COD,Returned
O00995,C0051,P0038,2025-04-24,3,0.25,EasyPaisa,returned
O00996,C0184,P0088,2024-12-05,1,0.05,jazzcash,PENDING
O00997,C0402,P0007,2024-10-26,1,0.25,Jazzcash,Cancelled
O00998,C0108,P0072,2024-10-21,2,0.3,JAZZCASH,Cancelled
O00999,C0433,P0064,2023-07-02,1,0.2,Bank Transfer,CANCELLED
O01000,C0163,P0040,2023-07-27,4,0.0,COD,Pending
O01001,C0161,P0080,2025-10-15,2,0.3,Easypaisa,cancelled
O01002,C0136,P0091,2025-09-21,1,0.3,easypaisa,Returned
O01003,C0387,P0021,2023-12-12,1,0.0,CARD,Returned
O01004,C0466,P0065,2024-08-29,2,0.2,card,pending
O01005,C0317,P0090,2023-06-05,1,0.0,cod,PENDING
O01006,C0437,P0034,2023-10-26,2,0.2,JazzCash,PENDING
O01007,C0069,P0050,2023-08-01,3,0.25,Jazzcash,Completed
O01008,C0166,P0029,2025-06-25,3,0.05,Bank Transfer,CANCELLED
O01009,C0342,P0036,2023-02-23,1,0.3,Cod,CANCELLED
O01010,C0126,P0029,2025-06-20,2,0.05,Card,Completed
O01011,C0152,P0032,2023-02-12,3,0.15,EASYPAISA,Pending
O01012,C0285,P0071,2024-01-29,1,-0.2,BANK TRANSFER,Pending
O01013,C0322,P0074,2025-03-03,2,0.25,JazzCash,RETURNED
O01014,C0221,P0048,2025-01-16,4,0.05,Jazzcash,returned
O01015,C0040,P0089,2023-10-03,1,0.3,COD,cancelled
O01016,C0408,P0069,2023-09-21,1,0.3,bank transfer,PENDING
O01017,C0275,P0041,2023-08-03,3,0.2,CARD,Returned
O01018,C0368,P0090,2024-04-03,1,0.2,CASH,pending
O01019,C0317,P0057,2025-10-15,2,0.0,Card,COMPLETED
O01020,C0287,P0058,2023-04-28,3,0.15,COD,CANCELLED
O01021,C0033,P0088,2024-12-26,1,0.25,JazzCash,RETURNED
O01022,C0486,P0094,2023-02-26,2,0.15,EasyPaisa,cancelled
O01023,C0203,P0028,2025-07-14,1,0.25,COD,Returned
O01024,C0170,P0030,2025-11-06,4,0.05,bank transfer,RETURNED
O01025,C0442,P0001,2023-04-19,2,0.1,Bank Transfer,Completed
O01026,C0397,P0010,2023-05-11,1,0.25,,cancelled
O01027,C0128,P0077,2024-01-03,3,0.0,COD,Pending
O01028,C0374,P0016,2024-11-10,1,0.15,bank transfer,Pending
O01029,C0413,P0053,2025-02-19,2,0.05,JAZZCASH,Cancelled
O01030,C0050,P0040,2024-12-28,1,0.15,JAZZCASH,PENDING
O01031,C0047,P0024,2024-06-17,1,0.05,jazzcash,Completed
O01032,C0174,P0058,2023-07-12,1,0.0,Bank Transfer,completed
O01033,C0286,P0008,2025-02-03,1,0.0,Bank Transfer,completed
O01034,C0003,P0042,2025-02-26,1,0.3,Bank Transfer,RETURNED
O01035,C0440,P0009,2023-12-20,1,0.2,EasyPaisa,Cancelled
O01036,C0275,P0028,2024-12-08,1,0.25,Card,returned
O01037,C0294,P0023,2025-06-21,2,0.3,Card,Cancelled
O01038,C0417,P0057,2023-03-04,-1,0.2,cash,Returned
O01039,C0479,P0038,2023-08-09,1,0.05,bank transfer,cancelled
O01040,C0461,P0013,2025-10-16,1,0.05,bank transfer,returned
O01041,C0481,P0059,2025-03-07,2,0.0,COD,completed
O01042,C0174,P0032,2025-01-18,1,0.3,Easypaisa,Cancelled
O01043,C0407,P0052,2023-03-27,1,0.15,COD,completed
O01044,C0435,P0067,2023-07-06,2,0.1,bank transfer,Pending
O01045,C0388,P0070,2024-02-16,1,0.05,EASYPAISA,cancelled
O01046,C0150,P0081,2025-05-23,1,0.15,Cash,Pending
O01047,C0013,P0063,2023-08-02,1,0.15,Bank Transfer,PENDING
O01048,C0157,P0064,2024-08-11,2,0.25,Cash,completed
O01049,C0097,P0012,2024-09-20,3,0.25,BANK TRANSFER,CANCELLED
O01050,C0329,P0041,2023-04-09,1,0.0,Jazzcash,Pending
O01051,C0097,P0046,2023-04-18,3,0.25,EasyPaisa,cancelled
O01052,C0261,P0048,2023-04-02,4,0.0,easypaisa,CANCELLED
O01053,C0457,P0029,2024-10-17,1,0.05,EASYPAISA,CANCELLED
O01054,C0293,P0082,2023-02-01,1,0.15,Card,Completed
O01055,C0474,P0038,2023-01-10,0,0.25,JAZZCASH,Cancelled
O01056,C0200,P0030,2025-01-31,4,0.15,Cash,cancelled
O01057,C0073,P0077,2024-05-19,2,0.1,EasyPaisa,returned
O01058,C0105,P0084,2024-07-12,1,0.0,EasyPaisa,Pending
O01059,C0194,P0036,2024-01-24,3,0.15,Jazzcash,Completed
O01060,C0321,P0089,2025-03-20,1,0.3,EASYPAISA,Cancelled
O01061,C0340,P0089,2024-04-01,1,0.0,cash,Cancelled
O01062,C0462,P0063,2023-05-17,1,0.1,Card,Returned
O01063,C0490,P0088,2025-03-26,1,0.1,jazzcash,Returned
O01064,C0056,P0098,2023-09-02,1,0.05,CASH,Pending
O01065,C0103,P0017,2025-11-27,20,0.15,EASYPAISA,completed
O01066,C0058,P0030,2023-03-19,3,0.05,CASH,COMPLETED
O01067,C0124,P0056,2025-01-29,1,0.05,EASYPAISA,COMPLETED
O01068,C0340,P0065,2024-01-23,2,0.25,Jazzcash,Completed
O01069,C0292,P0002,2023-11-09,1,0.1,card,returned
O01070,C0237,P0026,26/04/2023,1,0.05,JazzCash,Completed
O01071,C0116,P0024,2024-02-03,1,0.25,easypaisa,COMPLETED
O01072,C0447,P0057,2023-05-23,3,0.2,Bank Transfer,RETURNED
O01073,C0286,P0021,2023-10-21,1,0.1,cash,Completed
O01074,C0351,P0009,2025-04-19,1,0.0,BANK TRANSFER,cancelled
O01075,C0371,P0042,2025-01-28,100,0.0,COD,CANCELLED
O01076,C0004,P0049,2023-01-08,2,0.3,Easypaisa,completed
O01077,C0439,P0029,2023-03-14,2,0.0,cash,PENDING
O01078,C0480,P0074,2025-03-01,1,0.2,easypaisa,Pending
O01079,C0467,P0096,2024-05-01,2,0.2,jazzcash,RETURNED
O01080,C0326,P0059,2025-09-08,4,0.05,EASYPAISA,returned
O01081,C0115,P0019,2024-08-10,2,0.05,EasyPaisa,Returned
O01082,C0452,P0021,2025-01-23,2,0.15,Jazzcash,Cancelled
O01083,C0022,P0059,2025-04-20,2,0.2,Card,pending
O01084,C0065,P0081,2024-12-23,1,0.15,Easypaisa,pending
O01085,C0236,P0094,2025-07-15,1,0.15,easypaisa,returned
O01086,C0173,P0042,2025-03-27,1,0.2,CARD,Cancelled
O01087,C0112,P0092,2024-01-27,2,0.3,cod,Returned
O01088,C0461,P0060,2025-04-16,1,0.1,CARD,Pending
O01089,C0073,P0061,2023-08-11,1,0.15,Jazzcash,Pending
O01090,C0027,P0026,2024-03-20,1,0.05,Cod,Pending
O01091,C0480,P0067,2025-06-03,1,0.15,Cash,Cancelled
O01092,C0198,P0073,2023-12-19,1,0.25,COD,Cancelled
O01093,C0329,P0052,2024-02-10,1,0.1,EASYPAISA,Cancelled
O01094,C0445,P0095,2023-09-25,2,0.15,Jazzcash,COMPLETED
O01095,C0347,P0013,2023-05-14,1,0.0,Cash,Returned
O01096,C0437,P0012,2024-10-03,4,0.1,Card,Cancelled
O01097,C0491,P0028,2024-09-21,3,0.1,Bank Transfer,returned
O01098,C0299,P9999,2025-08-30,1,0.05,JazzCash,Returned
O01099,C0052,P0072,2023-11-24,4,0.05,card,Pending
O01100,C0061,P0069,2025-04-19,1,0.2,COD,Pending
O01101,C0359,P0036,2024-05-25,5,0.25,Card,Pending
O01102,C0050,P0097,2023-03-22,1,0.15,Easypaisa,PENDING
O01103,C0245,P0022,2023-02-10,2,0.3,JAZZCASH,Pending
O01104,C0300,P0074,2024-01-08,1,0.0,EasyPaisa,returned
O01105,C0454,P0044,2023-06-24,3,0.0,Card,CANCELLED
O01106,C0320,P0039,2025-03-17,4,0.0,cod,cancelled
O01107,C0493,P0082,2024-10-18,1,0.3,CASH,Returned
O01108,C0309,P0064,2023-02-02,2,0.2,easypaisa,cancelled
O01109,C0187,P0033,2024-01-29,1,0.2,Cash,Pending
O01110,C0164,P0022,2023-04-17,2,0.25,JAZZCASH,Returned
O01111,C0230,P0056,2024-11-22,1,0.25,COD,Pending
O01112,C0338,P0011,2024-11-12,2,0.05,bank transfer,Completed
O01113,C0377,P0074,2023-02-09,1,0.05,EasyPaisa,Pending
O01114,C0199,P0005,2024-07-07,2,0.1,jazzcash,Pending
O01115,C0209,P0091,2024-12-01,1,0.1,cod,RETURNED
O01116,C0283,P0025,2025-09-28,1,0.0,EASYPAISA,completed
O01117,C0413,P0086,2024-10-14,3,0.0,Cash,cancelled
O01118,C0413,P0098,2023-08-08,1,0.05,Jazzcash,COMPLETED
O01119,C0079,P0074,2024-04-30,2,0.3,CASH,completed
O01120,C0371,P0002,2024-11-29,3,0.2,Cash,cancelled
O01121,C0299,P0081,2025-08-01,2,0.1,COD,COMPLETED
O01122,C0314,P0016,2023-04-26,2,0.05,Cod,completed
O01123,C0096,P0012,2023-07-07,1,0.3,COD,cancelled
O01124,C0108,P0007,2023-06-12,1,0.25,BANK TRANSFER,cancelled
O01125,C0244,P0026,2025-10-11,2,0.05,Easypaisa,returned
O01126,C0375,P0087,2023-05-06,1,0.2,CASH,COMPLETED
O01127,C0091,P0026,2024-06-23,1,0.2,Bank Transfer,cancelled
O01128,C0359,P0016,2023-06-05,1,0.3,JAZZCASH,CANCELLED
O01129,C0084,P0051,2024-08-30,2,0.2,COD,Returned
O01130,C0112,P0055,2024-05-28,3,0.25,Card,Completed
O01131,C0336,P0088,2024-05-30,1,0.05,cash,Completed
O01132,C0033,P0064,2024-12-05,4,0.0,bank transfer,pending
O01133,C0041,P0087,2025-07-02,1,0.25,cod,Completed
O01134,C0164,P0076,2025-01-10,2,0.2,Cod,Completed
O01135,C0292,P0034,2024-10-15,1,0.25,Easypaisa,RETURNED
O01136,C0256,P0039,2025-09-28,1,0.25,CARD,CANCELLED
O01137,C0301,P0022,2023-03-29,2,0.15,EasyPaisa,Pending
O01138,C0167,P0052,2025-08-07,3,0.15,easypaisa,CANCELLED
O01139,C0073,P0095,2025-02-28,1,0.0,CARD,Returned
O01140,C0196,P0081,2023-11-02,1,0.0,EasyPaisa,cancelled
O01141,C0078,P0076,12/01/2024,1,0.0,EASYPAISA,Pending
O01142,C0077,P0035,2024-11-21,1,0.15,Easypaisa,CANCELLED
O01143,C0156,P0071,2024-07-22,1,0.15,BANK TRANSFER,pending
O01144,C0222,P0056,2023-11-24,1,0.25,Cash,Returned
O01145,C0493,P0014,2023-05-18,5,0.25,Easypaisa,Returned
O01146,C0073,P0031,2025-11-28,4,0.3,Card,PENDING
O01147,C0252,P0002,2024-09-22,2,0.1,COD,RETURNED
O01148,C0351,P0080,2025-05-28,2,0.2,Card,Returned
O01149,C0175,P0093,2025-02-03,3,0.3,card,Returned
O01150,C0290,P0061,2023-05-10,1,0.1,EasyPaisa,cancelled
O01151,C0108,P0042,2024-04-23,4,0.1,COD,Pending
O01152,C0403,P0036,2024-11-28,2,0.1,cod,cancelled
O01153,C0462,P0017,2024-10-21,2,0.2,CARD,cancelled
O01154,C0417,P0032,2025-09-27,2,0.0,jazzcash,Completed
O01155,C0197,P0097,2023-10-31,2,0.0,bank transfer,Pending
O01156,C0237,P0078,28/06/2024,1,0.15,Card,RETURNED
O01157,C0365,P0019,2025-01-15,3,0.0,EasyPaisa,cancelled
O01158,C0115,P0082,2023-01-07,1,0.3,Bank Transfer,Pending
O01159,C0288,P0019,2024-07-12,5,0.15,JAZZCASH,CANCELLED
O01160,C0422,P0083,2024-01-21,5,0.2,bank transfer,Completed
O01161,C0152,P0094,2023-05-05,2,0.05,BANK TRANSFER,RETURNED
O01162,C0128,P0049,2025-05-16,2,0.3,Cash,returned
O01163,C0134,P0027,2023-10-23,1,0.0,COD,PENDING
O01164,C0041,P0048,2025-08-10,2,0.05,EasyPaisa,PENDING
O01165,C0285,P0021,2025-06-28,2,0.0,JAZZCASH,Pending
O01166,C0142,P0026,2025-07-17,1,0.2,Card,Returned
O01167,C0490,P0003,2023-09-11,1,0.1,Bank Transfer,Pending
O01168,C0189,P0019,,3,0.15,bank transfer,Completed
O01169,C0322,P0056,2024-10-25,1,0.1,BANK TRANSFER,completed
O01170,C0330,P0037,2024-10-25,2,0.2,Cash,completed
O01171,C0371,P0092,2023-09-28,1,0.0,card,CANCELLED
O01172,C0053,P0067,2023-12-01,4,0.05,Cash,returned
O01173,C0498,P0046,2024-11-23,1,0.1,CASH,pending
O01174,C0206,P0070,2023-05-08,1,0.25,easypaisa,Cancelled
O01175,C0281,P0012,2024-02-29,1,0.0,Jazzcash,cancelled
O01176,C0123,P0008,2023-02-19,1,0.3,COD,CANCELLED
O01177,C0246,P0006,2023-03-28,1,0.05,card,CANCELLED
O01178,C0257,P0041,2024-10-23,1,0.25,COD,Pending
O01179,C0010,P0066,2024-08-16,1,0.25,COD,Pending
O01180,C0282,P0009,2023-03-24,1,0.0,card,Cancelled
O01181,C0299,P0063,2023-01-15,1,0.0,Bank Transfer,Returned
O01182,C0261,P0022,2025-03-24,1,0.2,Cash,RETURNED
O01183,C0137,P0072,2025-02-05,1,0.05,Card,Returned
O01184,C0172,P0026,2024-10-31,3,0.15,CASH,Returned
O01185,C0232,P0004,2025-07-01,2,0.25,COD,Pending
O01186,C0105,P0024,2023-08-19,1,0.3,cash,Cancelled
O01187,C0103,P0098,2024-09-03,3,0.25,Card,Returned
O01188,C0185,P0060,2023-04-22,2,0.05,BANK TRANSFER,returned
O01189,C0112,P0066,2023-02-18,1,0.05,CARD,Returned
O01190,C0106,P0064,2025-03-06,2,0.15,Easypaisa,Cancelled
O01191,C0472,P0063,2025-09-10,2,0.1,Cod,cancelled
O01192,C0040,P0079,2023-08-08,3,0.3,Cash,COMPLETED
O01193,C0439,P0002,2024-07-15,4,0.1,EASYPAISA,PENDING
O01194,C0374,P0073,2023-11-23,1,0.1,CARD,CANCELLED
O01195,C0498,P0055,2025-02-02,1,0.15,COD,completed
O01196,C0153,P0099,2023-03-13,3,0.1,card,Returned
O01197,C0234,P0027,2023-09-04,4,0.25,Cod,Completed
O01198,C0451,P0061,2023-12-24,1,0.0,cod,CANCELLED
O01199,C0234,P0075,2024-07-13,1,0.25,Bank Transfer,Pending
O01200,C0033,P0094,2023-11-10,1,0.15,cod,pending
O01201,C0016,P0005,2025-10-15,1,0.15,Easypaisa,cancelled
O01202,C0499,P0002,2023-04-01,2,0.3,Jazzcash,RETURNED
O01203,C0369,,2024-02-20,3,0.0,COD,Returned
O01204,C0494,P0025,2024-04-25,2,0.3,Cash,Completed
O01205,C0448,P0073,2025-06-10,2,0.25,Easypaisa,CANCELLED
O01206,C0367,P0096,2023-04-07,1,0.0,BANK TRANSFER,Returned
O01207,C0234,P0061,2023-12-02,1,0.1,COD,cancelled
O01208,C0165,P0095,2024-12-11,1,0.2,EasyPaisa,Returned
O01209,C0240,P0045,2024-08-21,1,0.25,EASYPAISA,Pending
O01210,C0185,P0056,2023-06-27,2,0.05,jazzcash,Returned
O01211,C0331,P0060,2025-07-12,2,0.3,cod,cancelled
O01212,C0456,P0006,2024-12-04,1,0.3,COD,Cancelled
O01213,C0307,P0044,2023-11-23,3,0.2,Card,cancelled
O01214,C0423,P0089,2025-03-22,1,0.15,Cash,Completed
O01215,C0267,P0014,2023-01-09,1,0.2,COD,CANCELLED
O01216,C0379,P0030,2024-11-16,1,0.1,cod,RETURNED
O01217,C0281,P0051,2025-12-07,2,0.15,Card,Returned
O01218,C0384,P0053,2023-08-06,1,0.25,EASYPAISA,Cancelled
O01219,C0428,P0089,2024-01-21,2,0.3,bank transfer,Completed
O01220,C0254,P0019,2023-05-28,2,0.1,card,Pending
O01221,C0156,P0027,2023-07-17,5,0.05,Cash,completed
O01222,C0016,P0038,2023-09-05,1,0.3,COD,completed
O01223,C0035,P0033,2025-07-15,5,0.15,Jazzcash,Pending
O01224,C0006,P0090,2024-09-06,1,0.1,card,Returned
O01225,C0220,P0080,2025-09-06,2,0.2,cash,Pending
O01226,C0017,P0064,2024-10-16,1,0.1,COD,Pending
O01227,C0441,P0050,2023-07-20,1,0.2,bank transfer,Returned
O01228,C0486,P0088,2025-10-01,20,0.15,CASH,Pending
O01229,C0389,P0012,2025-08-30,1,0.0,Cash,CANCELLED
O01230,C0371,P0092,2023-07-12,1,0.25,jazzcash,cancelled
O01231,C0310,P0061,2023-03-12,1,0.2,cod,Pending
O01232,C0111,P0079,2025-04-20,0,0.25,CARD,Completed
O01233,C0479,P0065,2025-06-29,1,0.05,Easypaisa,Returned
O01234,C0357,P0073,2025-03-05,3,0.2,cod,Completed
O01235,C0130,P0075,2023-08-29,2,0.15,Card,pending
O01236,C0151,P0021,2023-03-23,1,0.1,Easypaisa,COMPLETED
O01237,C0352,P0020,2023-06-07,1,0.15,Card,Completed
O01238,C0199,P0100,2023-12-28,2,0.0,jazzcash,CANCELLED
O01239,C0115,P0044,2025-10-07,1,0.15,cod,Completed
O01240,C0052,P0022,2023-10-13,1,0.2,Bank Transfer,COMPLETED
O01241,C0225,P0064,2025-01-20,2,0.15,cash,RETURNED
O01242,C0326,P0070,2023-08-06,1,0.0,JAZZCASH,Pending
O01243,C0286,P0090,2025-05-14,1,0.0,jazzcash,RETURNED
O01244,C0244,P0052,2025-11-04,4,0.05,CASH,Completed
O01245,C0083,P0012,01-18-2024,2,0.15,cod,Returned
O01246,C0286,P0034,2025-09-05,1,0.3,cod,Cancelled
O01247,C0299,P0053,2023-08-26,2,0.5,Card,Cancelled
O01248,C0154,P0018,2025-03-11,1,0.0,Bank Transfer,Completed
O01249,C0058,P0068,2024-06-28,2,0.0,JazzCash,Cancelled
O01250,C0164,P0032,2025-09-10,3,0.05,Cod,Pending
O01251,C0245,P0062,2024-03-14,1,0.15,Bank Transfer,COMPLETED
O01252,C0075,P0086,2023-09-18,3,0.05,Cash,PENDING
O01253,C0263,P0010,2023-12-04,1,0.3,EasyPaisa,Returned
O01254,C0481,P0029,2024-06-21,1,0.3,EASYPAISA,completed
O01255,C0446,P0042,2025-03-19,1,0.25,cod,RETURNED
O01256,C0201,P0058,2024-04-05,2,0.05,easypaisa,pending
O01257,C0331,P0097,2023-11-19,1,0.2,Jazzcash,pending
O01258,C0396,P0010,2025-06-05,2,0.15,Cash,Completed
O01259,,P0100,2023-10-26,2,0.0,Jazzcash,RETURNED
O01260,C0202,P0036,2025-08-09,2,0.1,Jazzcash,Returned
O01261,C0471,P0040,2025-08-20,1,0.15,COD,Cancelled
O01262,C0241,P0044,2023-07-06,2,0.1,Bank Transfer,COMPLETED
O01263,C0129,P0081,2024-07-03,4,0.3,Jazzcash,cancelled
O01264,C0161,P0042,2024-05-05,2,0.1,Jazzcash,CANCELLED
O01265,C0423,P0043,2025-11-26,2,0.1,jazzcash,pending
O01266,C0343,P0085,2024-01-21,2,0.3,Card,Returned
O01267,C0098,P0088,2025-01-10,2,0.2,JazzCash,CANCELLED
O01268,C0409,P0060,2025-12-01,1,0.25,Cod,Returned
O01269,C0327,P0032,2024-02-26,2,0.25,JAZZCASH,Cancelled
O01270,C0455,P0083,2025-10-14,1,0.15,easypaisa,Returned
O01271,C0478,P0073,2025-07-29,1,0.05,JAZZCASH,Completed
O01272,C0130,P0016,2025-02-10,3,0.15,Cash,completed
O01273,C0097,P0033,2025-10-10,1,0.2,Bank Transfer,RETURNED
O01274,C0262,P0073,2025-05-11,1,0.0,easypaisa,Pending
O01275,C0305,P0014,2025-09-02,1,0.1,cash,cancelled
O01276,C0093,P0016,2025-01-10,2,0.0,Cash,completed
O01277,C0143,P0014,2024-07-03,1,0.0,COD,PENDING
O01278,C0105,P0006,2023-05-03,1,0.1,Bank Transfer,returned
O01279,C0146,P0056,07/05/2024,1,5.0,Bank Transfer,returned
O01280,C0476,P0071,2024-12-25,3,0.05,Cash,RETURNED
O01281,C0391,P0029,2023-12-18,3,0.3,easypaisa,cancelled
O01282,C0278,P0079,2023-02-05,5,0.0,BANK TRANSFER,Returned
O01283,C0415,P0063,2023-09-13,1,0.3,Easypaisa,Cancelled
O01284,C0124,P0059,2023-12-06,3,0.05,jazzcash,COMPLETED
O01285,C0002,P0031,2024-09-23,1,0.3,BANK TRANSFER,Pending
O01286,C0229,P0028,2024-04-20,1,0.0,EASYPAISA,Pending
O01287,C0227,P0020,2025-02-26,3,0.3,easypaisa,Completed
O01288,C0278,P0098,2024-07-10,1,0.25,Easypaisa,Pending
O01289,C0405,P0068,2024-12-02,1,0.15,BANK TRANSFER,pending
O01290,C0430,P0057,2024-02-25,1,0.25,CASH,PENDING
O01291,C0087,P0052,2024-02-29,1,0.1,EasyPaisa,returned
O01292,C0128,P0092,2024-08-18,3,0.15,Bank Transfer,Pending
O01293,C0492,P0004,2024-05-14,2,0.0,easypaisa,COMPLETED
O01294,C0200,P0074,2024-12-07,1,0.0,easypaisa,Pending
O01295,C0371,P0058,2025-05-18,1,0.1,Jazzcash,CANCELLED
O01296,C0138,P0047,2024-06-16,1,0.05,Card,Cancelled
O01297,C0434,P0005,2025-02-20,1,0.3,card,completed
O01298,C0363,P0021,2023-07-09,2,0.2,CASH,Returned
O01299,C0041,P0068,2024-06-06,1,0.1,card,Pending
O01300,C0143,P0024,2024-04-14,1,0.05,bank transfer,COMPLETED
O01301,C0119,P0012,2023-04-17,2,0.3,COD,Cancelled
O01302,C0148,P0071,2025-08-21,4,0.05,card,Completed
O01303,C0414,P0026,2023-06-07,1,0.0,jazzcash,CANCELLED
O01304,C0274,P0016,2025-08-05,2,0.1,Cod,Cancelled
O01305,C0079,P0069,2024-01-18,1,0.0,jazzcash,Cancelled
O01306,C0393,P0035,2025-11-17,3,0.2,bank transfer,Completed
O01307,C0202,P0018,2023-12-09,1,0.05,Card,Cancelled
O01308,C0442,P0078,2025-01-22,2,0.1,Easypaisa,cancelled
O01309,C0233,P0023,2023-08-14,2,0.05,COD,Completed
O01310,C0035,P0049,2023-10-06,1,0.15,Bank Transfer,Pending
O01311,C0347,P0097,2025-03-19,2,0.25,EasyPaisa,Pending
O01312,C0493,P0083,2025-11-30,1,0.2,BANK TRANSFER,Pending
O01313,C0385,P0033,2025-12-08,4,0.05,bank transfer,Pending
O01314,C0065,P0005,2024-02-28,1,0.1,jazzcash,COMPLETED
O01315,C0310,P0053,2025-02-22,1,0.1,CASH,Returned
O01316,C0250,P0026,2023-02-02,1,0.3,Cod,Cancelled
O01317,C0231,P0076,2023-10-14,2,0.1,easypaisa,Cancelled
O01318,C0073,P0003,2024-04-10,4,0.1,EasyPaisa,Pending
O01319,C0239,P0092,2025-08-10,1,0.05,EASYPAISA,CANCELLED
O01320,C0213,P0007,2024-05-17,4,0.25,cash,Returned
O01321,C0192,P0007,2024-12-18,1,0.15,COD,pending
O01322,C0040,P0077,2024-08-25,1,0.2,Bank Transfer,Pending
O01323,C0021,P0062,2023-05-19,1,0.05,Jazzcash,Cancelled
O01324,C0006,P0013,2023-10-26,2,0.2,jazzcash,Completed
O01325,C0013,P0066,2024-03-23,2,0.1,Cash,pending
O01326,C0207,P0043,2025-07-31,1,0.1,jazzcash,RETURNED
O01327,C0027,P0067,2023-09-10,3,0.3,EASYPAISA,pending
O01328,C0391,P0066,2023-03-16,2,0.2,cod,COMPLETED
O01329,C0496,P0020,2025-02-12,1,0.25,EASYPAISA,Returned
O01330,C0074,P0019,2024-02-07,1,0.15,Jazzcash,Pending
O01331,C0113,P0006,2023-04-01,1,0.05,Card,pending
O01332,C0292,P0025,2025-05-05,2,0.05,EASYPAISA,Returned
O01333,C0470,P0027,2023-01-02,20,0.05,Cash,returned
O01334,C0373,P0062,2023-05-16,1,0.05,Cod,pending
O01335,C0059,P0011,2025-07-30,3,0.1,Bank Transfer,RETURNED
O01336,,P0061,2024-06-12,2,0.2,Cod,returned
O01337,C0324,P0086,2024-10-30,1,0.25,Cod,Returned
O01338,C0413,P0077,2024-05-17,1,0.0,EASYPAISA,PENDING
O01339,C0140,P0043,2025-11-08,1,0.25,EasyPaisa,completed
O01340,C0488,P9999,2024-09-07,3,5.0,CASH,CANCELLED
O01341,C0285,P0029,2024-03-24,3,0.05,EASYPAISA,CANCELLED
O01342,C0475,P0013,2025-11-01,1,0.25,Easypaisa,Pending
O01343,C0291,P0043,2024-09-04,1,0.05,bank transfer,Pending
O01344,C0486,P0085,2023-05-16,2,0.0,EASYPAISA,Pending
O01345,C0418,P0056,2023-11-12,1,0.0,Jazzcash,returned
O01346,C0061,P0040,2024-04-27,1,0.15,Easypaisa,CANCELLED
O01347,C0208,P0056,2024-04-26,1,0.2,Card,Returned
O01348,C0082,P0077,2024-10-31,2,0.3,Cash,Completed
O01349,C0043,P0011,2023-01-18,1,0.15,easypaisa,Completed
O01350,C0479,P0090,2023-11-08,20,0.0,EasyPaisa,Cancelled
O01351,C0017,P0018,2024-08-19,10,0.1,cod,Returned
O01352,C0342,P0074,2023-06-29,1,0.1,JazzCash,completed
O01353,C0020,P0075,2023-06-18,-5,0.2,CASH,cancelled
O01354,C0405,P0022,2025-03-11,3,0.15,CASH,RETURNED
O01355,C0304,P0038,2025-12-13,1,0.2,JazzCash,Cancelled
O01356,C0034,P0060,2024-06-16,1,0.3,COD,Completed
O01357,,P0078,2024-04-03,2,0.0,EASYPAISA,RETURNED
O01358,C0341,P0021,2025-08-26,3,0.1,BANK TRANSFER,Returned
O01359,C0151,P0084,2025-04-01,1,0.05,JAZZCASH,Returned
O01360,C0108,,2025-08-02,1,0.05,cash,completed
O01361,C0031,P0076,2023-08-30,1,0.15,card,Cancelled
O01362,C0371,P0010,2024-08-01,2,0.25,JAZZCASH,Cancelled
O01363,C0368,P0062,2025-06-10,1,0.25,COD,RETURNED
O01364,C0480,P0091,2024-03-05,3,0.25,CASH,returned
O01365,C0081,P0051,2024-01-28,1,0.0,Cash,Returned
O01366,C0200,P0024,2025-10-16,1,0.15,cod,returned
O01367,C0231,P0018,2024-10-31,2,0.25,easypaisa,Returned
O01368,C0491,P0097,2024-01-12,1,0.3,Card,Returned
O01369,C0213,P0012,2025-09-24,3,0.1,CARD,completed
O01370,C0453,P0018,2024-05-06,1,0.15,JazzCash,Cancelled
O01371,C0370,P0024,2025-05-05,1,0.0,COD,RETURNED
O01372,C0365,P0044,2025-02-02,1,0.0,EASYPAISA,Cancelled
O01373,C0109,P0019,2024-11-11,2,0.3,COD,RETURNED
O01374,C0272,P0051,2025-12-18,20,0.2,Bank Transfer,CANCELLED
O01375,C9999,P0099,2023-03-22,1,0.25,bank transfer,returned
O01376,C0276,P0097,2025-07-23,1,0.1,CASH,Pending
O01377,C0302,P0081,2023-05-09,1,0.15,EasyPaisa,CANCELLED
O01378,C0473,P0041,2024-04-01,1,0.1,COD,Completed
O01379,C0419,P0030,2024-06-04,1,0.0,Bank Transfer,CANCELLED
O01380,C0021,P0029,2025-07-09,1,0.0,Easypaisa,Completed
O01381,C0491,P0010,2024-07-14,1,0.2,Easypaisa,Completed
O01382,C0257,P0094,2024-09-19,2,0.25,CASH,pending
O01383,C0298,P0028,2025-12-29,2,0.1,CASH,Cancelled
O01384,C0474,P0050,2024-11-03,1,0.25,Card,Completed
O01385,C0351,P0055,2023-06-13,1,0.05,easypaisa,Completed
O01386,C0051,P0017,2024-06-12,1,0.1,Cod,returned
O01387,C0213,P0021,2025-05-23,1,0.05,jazzcash,Completed
O01388,C0392,P0037,2024-09-25,20,0.25,Bank Transfer,completed
O01389,C0040,P0020,2023-09-06,3,0.0,CARD,Completed
O01390,C0399,P0099,2024-07-07,5,0.0,EasyPaisa,Returned
O01391,C0063,P0065,2025-12-30,1,0.0,EASYPAISA,RETURNED
O01392,C0403,P0011,2024-12-30,2,0.1,Card,Pending
O01393,C0413,P0025,2024-05-27,2,0.2,CASH,Completed
O01394,C0084,P0019,2024-12-01,1,0.3,COD,CANCELLED
O01395,C0246,P0097,2024-12-20,1,0.3,Easypaisa,Pending
O01396,C0054,P0066,2025-04-04,1,0.05,bank transfer,Pending
O01397,C0397,P0076,2023-05-18,5,0.25,Card,Pending
O01398,C9999,P0099,2025-07-26,1,0.25,jazzcash,Cancelled
O01399,C0461,P0006,2023-03-16,1,0.0,bank transfer,RETURNED
O01400,C0009,P0086,2025-02-01,2,0.15,cod,Completed
O01401,C0497,P0041,2025-08-07,1,0.3,CASH,Completed
O01402,C0304,P0018,2025-08-27,1,0.2,cod,returned
O01403,C0062,P0080,2023-03-08,2,0.25,Jazzcash,CANCELLED
O01404,C0160,P0069,2025-05-21,1,0.3,Cash,completed
O01405,C0481,P0039,2023-10-08,2,0.3,Easypaisa,Cancelled
O01406,C0144,P0044,2025-04-23,10,0.2,,completed
O01407,C0256,P0040,2024-09-06,1,0.0,jazzcash,Returned
O01408,C0095,P0092,2023-07-10,3,0.2,bank transfer,COMPLETED
O01409,C0186,P0015,2023-07-14,5,0.3,jazzcash,returned
O01410,C0455,P0016,2024-01-10,2,0.2,Cash,Cancelled
O01411,C0026,P0036,2024-09-29,3,0.2,bank transfer,completed
O01412,C0416,P0092,2024-08-31,4,0.25,JazzCash,COMPLETED
O01413,C0459,P0052,2023-03-25,1,0.15,Cash,Returned
O01414,C0138,P0095,2023-04-17,1,0.0,Bank Transfer,Completed
O01415,C0055,P0062,2023-03-29,1,0.1,easypaisa,Completed
O01416,C0136,P0021,2024-05-22,1,0.05,CARD,Completed
O01417,C0323,P0003,2025-08-21,1,0.25,CARD,Cancelled
O01418,C0378,P0088,2025-11-09,1,0.15,Cash,RETURNED
O01419,C0296,P0094,2024-01-20,1,0.05,CASH,PENDING
O01420,C0109,P0079,2025-03-06,1,0.2,jazzcash,RETURNED
O01421,C0070,P0052,2025-04-22,4,0.1,JazzCash,Cancelled
O01422,C0316,P0016,2025-05-10,1,0.2,EasyPaisa,Completed
O01423,C0059,P0052,2024-01-27,2,0.25,card,Cancelled
O01424,C0417,P0083,2023-09-03,-1,0.05,Card,completed
O01425,C0119,P0032,2023-04-06,2,0.25,EASYPAISA,Cancelled
O01426,C0495,P0028,2024-07-20,5,0.2,Cash,Cancelled
O01427,C0368,P0015,2023-01-29,1,0.1,card,PENDING
O01428,C0074,P0019,2023-09-10,3,0.1,Easypaisa,PENDING
O01429,C0338,P0067,2024-07-17,1,0.05,cod,cancelled
O01430,C0106,P0050,2024-12-24,1,0.25,COD,Cancelled
O01431,C0251,P0063,2024-07-14,1,0.1,Cash,Pending
O01432,C0238,P0021,2023-05-06,2,0.3,CASH,Pending
O01433,C0269,P0038,2024-02-22,1,0.1,card,returned
O01434,C0144,P0023,2025-05-22,2,0.15,bank transfer,completed
O01435,C0301,P0059,2024-12-13,1,0.05,EasyPaisa,cancelled
O01436,C0353,P0036,2025-09-03,5,0.1,Card,Pending
O01437,C0113,P0057,2023-10-01,1,0.05,Cod,pending
O01438,C0197,P0029,2025-11-09,2,0.05,cash,returned
O01439,C0370,P0048,2025-12-05,1,0.0,jazzcash,Returned
O01440,C0383,P0052,2023-02-11,1,0.0,Card,returned
O01441,C0130,P0032,21/12/2025,4,0.25,Easypaisa,Completed
O01442,C0077,P0003,2024-11-01,2,0.3,BANK TRANSFER,PENDING
O01443,C0291,P0044,2023-01-03,1,0.05,CASH,Returned
O01444,C0370,P0098,2025-05-20,1,0.3,JazzCash,Cancelled
O01445,C0322,P0052,2024-12-31,1,0.15,Bank Transfer,cancelled
O01446,C0456,P0032,2024-10-27,1,0.1,jazzcash,Pending
O01447,C0389,P0031,2025-12-26,1,0.05,EasyPaisa,completed
O01448,C0354,P0010,2023-07-31,2,0.05,Card,Pending
O01449,C0444,P0006,2024-02-24,1,0.2,cod,COMPLETED
O01450,C0053,P0088,2025-06-22,2,0.05,Cod,Cancelled
O01451,C0112,P0048,2023-07-18,1,0.0,BANK TRANSFER,PENDING
O01452,C0062,P0036,2025-07-10,3,0.0,JAZZCASH,Cancelled
O01453,C0314,P0016,2023-07-11,3,0.3,Bank Transfer,Cancelled
O01454,C0023,P0061,2024-07-21,1,0.25,COD,Completed
O01455,C0475,P0063,2024-03-19,2,0.1,Cash,completed
O01456,C0258,P0075,2024-04-14,4,0.1,cash,Pending
O01457,C0357,P0045,2024-12-31,2,0.2,COD,CANCELLED
O01458,C0014,P0095,2023-07-19,10,0.2,cash,returned
O01459,C0099,P0023,2023-11-18,1,0.0,COD,CANCELLED
O01460,C0101,P0027,2024-02-09,1,0.15,Cash,Pending
O01461,C0116,P0080,2023-10-03,1,0.25,COD,CANCELLED
O01462,C0188,P0081,2024-09-05,3,0.15,Card,Completed
O01463,C0427,P0021,2025-08-28,1,0.05,JazzCash,Completed
O01464,C0273,P0023,2025-05-10,1,0.3,Card,Cancelled
O01465,C0038,P0020,2025-04-30,1,0.05,COD,Cancelled
O01466,C0137,P0092,2025-12-01,2,0.25,bank transfer,RETURNED
O01467,C0454,P9999,2023-11-19,3,0.2,BANK TRANSFER,CANCELLED
O01468,C0489,P0058,2025-05-20,1,0.3,Easypaisa,returned
O01469,C0162,P0034,2024-03-14,4,0.3,Cash,cancelled
O01470,C0208,P0038,2025-02-08,2,0.15,Cash,completed
O01471,C0408,P0089,2023-09-17,4,0.05,Cod,COMPLETED
O01472,C0287,P0062,2025-03-19,4,0.2,Cod,CANCELLED
O01473,C0028,P0067,2024-01-04,1,0.05,card,cancelled
O01474,C0465,P0007,2025-11-07,3,0.2,cash,CANCELLED
O01475,C0276,P0071,2023-06-21,100,0.2,Cash,Returned
O01476,C0134,P0043,2023-10-06,3,0.0,EASYPAISA,Pending
O01477,C0436,P0027,2023-10-14,3,0.05,Cod,Completed
O01478,C0266,P0019,2025-06-24,1,0.25,COD,completed
O01479,C0378,P0098,2024-10-21,1,0.25,jazzcash,Returned
O01480,C0016,P0005,2023-01-24,2,0.3,cod,completed
O01481,C0442,P0093,2023-03-04,1,0.05,COD,completed
O01482,C0043,P0089,2024-01-25,1,0.3,CASH,pending
O01483,C0402,P0069,2025-01-30,1,0.25,cod,completed
O01484,C0369,P0020,2024-12-24,1,0.25,CASH,returned
O01485,C0386,P0038,2024-06-18,1,0.2,Card,PENDING
O01486,C0148,P0063,2025-12-05,4,0.0,CARD,cancelled
O01487,C0423,P0098,2024-08-14,1,0.3,cash,Returned
O01488,C0195,P0061,2023-03-24,1,0.15,cash,Completed
O01489,C0307,P0007,2023-01-06,2,0.05,EASYPAISA,Returned
O01490,C0326,P0044,2023-07-01,1,0.2,JAZZCASH,CANCELLED
O01491,C0208,P0049,2023-09-09,1,0.05,jazzcash,cancelled
O01492,C0165,P0048,2023-04-11,1,0.3,Card,PENDING
O01493,C0374,P0006,2023-03-22,2,0.0,EasyPaisa,Cancelled
O01494,C0124,P0053,2025-07-31,2,0.3,Cash,CANCELLED
O01495,C0065,P0009,2023-05-05,1,5.0,CASH,Pending
O01496,C0130,P0068,2023-09-12,3,0.2,COD,completed
O01497,C0134,P0081,2024-06-13,5,0.25,Card,Pending
O01498,C0256,P0032,2025-11-22,1,0.25,Card,COMPLETED
O01499,C0205,P0035,2024-05-11,1,0.0,CARD,Pending
O01500,C0317,P0087,2024-08-27,2,0.2,Bank Transfer,RETURNED
O01501,C0209,P0039,2023-11-21,1,0.15,COD,Cancelled
O01502,C0189,P0093,2025-12-18,1,0.0,JazzCash,RETURNED
O01503,C0043,P0060,2023-03-25,3,0.1,COD,PENDING
O01504,C0081,P0046,2025-02-04,2,0.3,CASH,CANCELLED
O01505,C0207,P0030,2025-01-25,1,0.25,Card,Returned
O01506,C0099,P0094,2023-02-17,2,0.15,easypaisa,Returned
O01507,C0211,P0036,2024-08-18,1,0.3,Bank Transfer,completed
O01508,C0396,P0029,2023-08-12,1,0.2,cod,cancelled
O01509,C0426,P0036,2024-11-10,2,0.05,EASYPAISA,Completed
O01510,C0345,P0089,2024-11-27,1,0.25,COD,Completed
O01511,C0437,P0038,2024-05-04,1,0.05,CARD,Returned
O01512,C0100,P0068,2024-06-11,2,0.25,Cash,PENDING
O01513,C0373,P0029,2023-10-17,3,0.0,CASH,Pending
O01514,C0270,P0060,2023-09-11,1,0.2,card,Cancelled
O01515,C0304,P0012,2024-02-10,1,0.05,EasyPaisa,Returned
O01516,C0116,P0006,2025-04-12,3,0.25,Cash,COMPLETED
O01517,C0471,P0097,2025-10-31,1,0.1,easypaisa,Completed
O01518,C0237,P0065,2025-04-13,2,0.25,bank transfer,COMPLETED
O01519,C0006,P0024,03-Mar-2024,3,0.3,cash,COMPLETED
O01520,C0172,P0100,2025-04-29,1,0.05,BANK TRANSFER,Completed
O01521,C0126,P0089,2025-02-11,1,0.25,Cod,PENDING
O01522,C0136,P0094,2024-08-03,3,0.2,Cash,Pending
O01523,C0470,P0001,2024-03-13,1,0.2,jazzcash,Cancelled
O01524,C0454,P0008,2023-06-06,1,0.0,Cash,RETURNED
O01525,C0056,P0070,2024-08-21,1,0.15,Bank Transfer,Pending
O01526,C0176,P0004,2023-10-13,2,0.15,Card,Cancelled
O01527,C0418,P0093,2023-11-19,4,0.2,Bank Transfer,Cancelled
O01528,C0038,P0031,2025-07-13,1,0.1,Easypaisa,Completed
O01529,C0048,P0033,2023-03-16,2,0.3,Cod,Returned
O01530,C0067,P0067,2025-04-14,4,0.0,Jazzcash,Completed
O01531,C0399,P0044,2024-05-01,1,0.15,Easypaisa,PENDING
O01532,C0495,P0096,2023-04-05,1,0.0,Cash,CANCELLED
O01533,C0219,P0100,2023-02-06,4,0.05,Cash,Cancelled
O01534,C0185,P0050,2025-03-25,3,0.0,CASH,Pending
O01535,C9999,P0088,2025-07-22,1,0.25,Card,Completed
O01536,C0488,P0023,2024-03-23,1,0.1,jazzcash,completed
O01537,C0419,P0056,2025-11-08,2,0.15,Bank Transfer,Completed
O01538,C0249,P0081,2025-09-20,1,0.2,Cod,Cancelled
O01539,C0319,P0027,2025-12-10,3,0.1,COD,Completed
O01540,C0060,P0031,2024-09-14,3,0.0,bank transfer,pending
O01541,C0400,P0025,2024-12-02,1,0.15,cod,Cancelled
O01542,C0209,P0006,2024-03-10,1,0.1,Bank Transfer,COMPLETED
O01543,C0028,P0014,2025-01-28,1,0.25,cash,Completed
O01544,C0260,P0048,2023-05-13,3,0.1,Bank Transfer,CANCELLED
O01545,C0479,P0003,2025-07-16,20,0.2,card,pending
O01546,C0388,P0077,2025-05-11,2,0.2,EasyPaisa,returned
O01547,C0426,P0071,2025-07-23,1,0.2,JAZZCASH,cancelled
O01548,C0275,P0047,2025-02-25,2,0.2,Card,CANCELLED
O01549,C0170,P0073,2023-07-30,1,0.3,bank transfer,Returned
O01550,C0292,P0080,2024-02-03,5,0.05,Cash,Cancelled
O01551,C0430,P0100,2024-04-01,1,0.05,EASYPAISA,PENDING
O01552,C0289,P0072,2023-04-23,1,0.25,CASH,Pending
O01553,C0080,P0051,2023-08-30,1,0.15,Cash,pending
O01554,C0090,P0096,2024-03-18,1,0.25,CARD,cancelled
O01555,C0167,P0086,2025-01-10,2,0.2,CARD,Completed
O01556,C0429,P0037,2023-01-07,3,0.15,COD,completed
O01557,C0073,P0089,2025-06-08,1,0.2,Card,pending
O01558,C0303,P0098,2025-01-04,1,0.05,EasyPaisa,Returned
O01559,C0048,P0071,2025-02-22,2,0.1,Easypaisa,completed
O01560,C0473,P0028,2023-01-31,2,0.3,easypaisa,Completed
O01561,C0345,P0088,2023-10-26,2,0.3,BANK TRANSFER,Returned
O01562,C0293,P0044,2023-09-04,1,0.05,JazzCash,PENDING
O01563,C0278,P0020,2024-05-07,2,0.3,JazzCash,Returned
O01564,,P0006,2023-03-02,3,0.05,Easypaisa,cancelled
O01565,C0001,P0001,2025-11-18,1,0.15,Easypaisa,completed
O01566,C0029,P0015,2025-03-03,1,0.0,CASH,Cancelled
O01567,C0417,P0079,2024-11-16,3,0.3,Cash,COMPLETED
O01568,C0485,P0009,2025-02-07,1,0.2,cod,returned
O01569,C0042,P0038,30-May-2023,3,0.1,Cash,Pending
O01570,C0209,P0100,2023-12-29,3,0.2,CARD,pending
O01571,C0329,P0053,2023-10-22,1,0.1,Card,RETURNED
O01572,C0139,P0003,2025-10-11,1,0.2,JAZZCASH,PENDING
O01573,C0084,P0008,2025-07-08,3,0.25,EASYPAISA,Pending
O01574,C0344,P0017,2023-10-08,1,0.2,cash,PENDING
O01575,C0372,P0081,2025-08-29,4,0.0,Card,completed
O01576,C0394,P0100,2024-06-23,1,0.2,COD,Returned
O01577,C0035,P0025,2024-02-11,1,0.05,cash,CANCELLED
O01578,C0489,P0041,01-02-2025,2,0.05,Card,Returned
O01579,C0469,P0052,2023-08-11,1,0.0,easypaisa,COMPLETED
O01580,C0105,P0022,28/07/2023,1,0.05,Cash,Pending
O01581,C0058,P0029,2025-05-14,1,0.2,COD,RETURNED
O01582,C0068,,2025-10-12,1,0.1,EASYPAISA,Completed
O01583,C0098,P0028,2025-07-05,1,0.25,BANK TRANSFER,returned
O01584,C9999,P0034,2023-04-11,2,0.05,bank transfer,Returned
O01585,C0025,P0019,2025-03-21,1,0.0,cash,Pending
O01586,C0142,P0037,2023-04-19,1,0.05,cod,Returned
O01587,C0426,P0014,2025-03-26,1,0.0,Card,Pending
O01588,C0380,P0064,2025-11-17,1,0.05,Cash,completed
O01589,C0427,P0021,2023-07-08,3,0.3,BANK TRANSFER,Cancelled
O01590,C0053,P0081,2024-02-01,1,0.15,CARD,RETURNED
O01591,C0377,P0063,2025-06-15,1,0.15,Card,CANCELLED
O01592,C0449,P0015,2025-11-21,1,0.25,Jazzcash,Pending
O01593,C0015,P9999,2024-04-13,2,0.15,cod,Completed
O01594,C0253,P0090,2025-05-27,1,0.0,EASYPAISA,pending
O01595,C0359,P0008,2025-04-04,3,0.15,Card,Pending
O01596,C0266,P0100,2023-10-28,3,0.0,Jazzcash,Completed
O01597,C0193,P0070,2023-10-22,1,0.3,Card,Cancelled
O01598,C0115,P0081,2024-12-16,1,0.05,cash,PENDING
O01599,,P0085,2025-01-19,1,0.1,Bank Transfer,Pending
O01600,C0480,P0014,2024-06-26,1,0.05,Cod,Completed
O01601,C0268,P0084,2023-12-23,1,0.2,Card,Returned
O01602,C0291,P0051,2025-07-24,2,0.0,BANK TRANSFER,RETURNED
O01603,C0121,P0056,2024-08-14,2,0.3,cash,Cancelled
O01604,C0065,P0005,2024-11-08,2,0.2,Cod,cancelled
O01605,C0340,P0070,2025-06-06,5,0.2,COD,Returned
O01606,C0260,P0038,2023-09-24,1,0.2,jazzcash,Completed
O01607,C0332,P0011,2024-08-03,1,0.25,Bank Transfer,PENDING
O01608,C0493,P0097,2023-03-15,2,0.15,CASH,returned
O01609,C0473,P0023,2024-04-26,3,0.15,EASYPAISA,Pending
O01610,C0245,P0026,2024-01-18,1,0.2,EASYPAISA,RETURNED
O01611,C0195,P0100,2023-06-09,5,0.0,COD,Pending
O01612,C0254,P0079,2025-12-25,1,0.2,card,PENDING
O01613,C0259,P0064,2023-11-12,3,0.05,JAZZCASH,CANCELLED
O01614,C0253,P0096,2023-03-20,2,0.2,JAZZCASH,COMPLETED
O01615,C0205,P0083,2024-01-17,2,0.3,CARD,Returned
O01616,C0027,P0090,2024-07-05,3,0.25,JazzCash,Pending
O01617,C0196,P0094,2024-11-10,2,0.2,Cash,completed
O01618,C0345,P0016,2023-12-10,1,0.2,Card,Returned
O01619,C0437,P0048,2024-07-03,1,0.2,Easypaisa,PENDING
O01620,C0304,P0051,2024-02-06,1,0.3,Bank Transfer,RETURNED
O01621,C0096,P0082,2024-05-20,2,0.05,cod,RETURNED
O01622,C0405,P0051,2024-03-31,3,0.05,bank transfer,Completed
O01623,C0175,P0052,2023-12-03,1,0.25,COD,Returned
O01624,C0096,P0069,2024-11-22,2,0.15,Card,Returned
O01625,C0200,P0022,2023-12-18,1,0.2,Card,cancelled
O01626,C0176,P0068,2025-01-27,1,0.3,Bank Transfer,COMPLETED
O01627,C0287,P0091,2025-03-12,1,0.0,cod,pending
O01628,C0266,P0034,2025-03-02,4,0.2,JazzCash,COMPLETED
O01629,C0313,P0042,2025-09-25,2,0.1,JAZZCASH,Cancelled
O01630,C0004,P0025,2024-09-19,2,0.0,COD,COMPLETED
O01631,C0475,P0015,2025-09-12,2,0.05,CASH,Cancelled
O01632,C0268,P0091,2024-11-14,2,0.1,Cash,Completed
O01633,C0430,P0047,2024-03-06,1,0.0,JazzCash,Returned
O01634,C0233,P0014,2024-10-31,3,0.05,Cash,CANCELLED
O01635,C0374,P0023,2025-01-19,2,0.05,easypaisa,pending
O01636,C0373,P0068,2023-07-19,1,0.15,EASYPAISA,Returned
O01637,C0024,P0003,2024-06-28,5,0.05,Cod,completed
O01638,C0146,P0099,2023-06-28,1,0.1,Card,Pending
O01639,C0197,P0079,2025-12-19,4,0.0,Cod,pending
O01640,C0288,P0008,2023-09-27,2,0.0,JAZZCASH,returned
O01641,C0067,P0031,2025-11-19,1,0.3,Jazzcash,PENDING
O01642,C0084,P0018,2024-11-08,2,0.3,EasyPaisa,Pending
O01643,C0030,P0042,2025-11-03,1,0.3,EASYPAISA,Pending
O01644,C0144,P0039,2023-12-10,1,0.25,JazzCash,RETURNED
O01645,C0380,P0086,2024-07-26,1,0.1,COD,Pending
O01646,C0494,P0047,2024-10-11,2,0.3,BANK TRANSFER,Returned
O01647,C0092,P0065,2023-09-21,1,0.2,Cash,Completed
O01648,C0416,P0089,2025-05-26,10,0.0,Card,Completed
O01649,C0452,P0006,2023-03-29,1,0.1,Jazzcash,CANCELLED
O01650,C0301,P0083,2024-04-20,1,0.05,Card,COMPLETED
O01651,C0410,P0042,2024-10-11,1,0.0,Jazzcash,Returned
O01652,C0247,P0005,2025-12-04,1,0.25,EASYPAISA,cancelled
O01653,C0350,P0013,2024-08-04,1,0.3,BANK TRANSFER,pending
O01654,C0198,P0076,2025-10-01,1,0.3,cod,cancelled
O01655,C0217,P0058,2025-06-22,2,0.1,Cod,Pending
O01656,C0077,P0096,2023-01-14,1,0.3,bank transfer,Cancelled
O01657,C0471,P0048,2024-08-12,1,0.0,BANK TRANSFER,Cancelled
O01658,C0413,P0023,2023-08-05,2,0.05,CASH,CANCELLED
O01659,C0103,P0078,10-21-2023,3,0.25,Cash,Returned
O01660,C0320,P0012,2023-05-01,1,0.0,Cash,CANCELLED
O01661,C0213,P0034,2025-09-29,1,0.25,BANK TRANSFER,PENDING
O01662,C0177,P0004,2025-12-26,1,0.15,Easypaisa,COMPLETED
O01663,C0341,P0059,2023-12-29,2,0.1,Easypaisa,Pending
O01664,C0165,P0034,2025-01-13,2,0.1,EasyPaisa,Cancelled
O01665,C0195,P0020,2023-03-08,1,0.2,Cash,pending
O01666,C0196,P0085,2024-05-08,2,0.15,Cash,Cancelled
O01667,C0368,P0057,2023-09-05,2,0.05,Cash,PENDING
O01668,C0352,P0028,2024-02-11,1,0.25,Cod,CANCELLED
O01669,C0475,P0073,2024-01-17,5,0.0,Jazzcash,CANCELLED
O01670,C0089,P0020,2024-03-14,2,0.05,Cash,Pending
O01671,C0410,P0042,2023-06-04,2,0.05,bank transfer,CANCELLED
O01672,C0122,P0022,2024-10-27,2,0.25,card,Cancelled
O01673,C0164,P0072,2024-09-22,1,0.0,easypaisa,pending
O01674,C0378,P0096,2025-10-06,1,0.3,EASYPAISA,RETURNED
O01675,C0127,P0003,2024-11-12,1,0.1,Bank Transfer,PENDING
O01676,C0313,P0092,2023-08-27,1,0.15,Bank Transfer,pending
O01677,C0002,P0024,2023-12-24,1,0.05,CASH,RETURNED
O01678,C0127,P0086,,2,0.15,COD,Completed
O01679,C0110,P0063,2024-10-31,1,0.2,bank transfer,cancelled
O01680,C0067,P0020,2023-02-27,3,0.3,Cash,Cancelled
O01681,C0407,P0047,2025-03-24,2,0.25,Cash,Cancelled
O01682,C0089,P0005,2023-04-02,1,0.2,easypaisa,pending
O01683,C0266,P0065,2025-11-02,3,0.15,jazzcash,cancelled
O01684,C0355,P0095,2025-02-01,2,0.1,CARD,cancelled
O01685,C0327,P0069,2025-03-18,4,0.3,Cash,cancelled
O01686,C0009,P0036,2024-09-10,1,0.15,Cod,Completed
O01687,C0418,P0074,2024-10-18,1,0.0,Jazzcash,Cancelled
O01688,C0489,P0027,2023-07-11,1,0.05,COD,CANCELLED
O01689,C0399,P0094,2024-12-14,2,0.0,JazzCash,cancelled
O01690,C0245,P0036,2025-11-13,1,0.2,card,completed
O01691,C0296,P9999,2025-08-20,1,0.25,Bank Transfer,PENDING
O01692,C0048,P0078,2023-08-24,1,0.0,COD,cancelled
O01693,C0375,P0020,2023-08-25,1,0.0,cod,PENDING
O01694,C0210,P0060,2023-10-13,1,0.2,COD,Completed
O01695,C0060,P0015,2025-02-22,1,0.05,Card,COMPLETED
O01696,C0062,P0080,2023-03-07,1,0.25,Jazzcash,Pending
O01697,C0478,P0032,2024-02-10,4,0.25,cod,Cancelled
O01698,C0019,P0038,2024-01-30,1,0.1,CARD,completed
O01699,C0339,P0023,2025-07-21,2,0.25,Jazzcash,completed
O01700,C0077,P0098,2024-07-31,1,0.0,jazzcash,Completed
O01701,C0405,P0072,2025-03-19,2,0.05,JAZZCASH,Completed
O01702,C0296,P0086,2024-10-30,10,0.05,Bank Transfer,Returned
O01703,C0193,P0017,2023-02-05,3,0.2,Card,Returned
O01704,C0496,P0045,2025-02-18,3,0.0,COD,Completed
O01705,C0413,P0028,2024-12-08,1,0.25,Bank Transfer,PENDING
O01706,C9999,P0003,2023-07-19,1,0.15,Cash,Cancelled
O01707,C0142,P0025,2025-05-18,4,0.2,jazzcash,returned
O01708,C0199,P0040,2023-09-24,1,0.0,JazzCash,Completed
O01709,C0455,P0096,2023-11-16,1,0.15,Cash,pending
O01710,C0064,P0047,2023-11-28,1,0.2,Easypaisa,Returned
O01711,C0031,P0022,2023-05-06,1,0.25,CASH,Pending
O01712,C0219,P0076,2023-02-15,1,0.05,card,returned
O01713,C0272,P0084,2023-08-08,1,0.1,card,Completed
O01714,C0114,P0090,2024-08-07,1,0.0,cash,Completed
O01715,C0316,P0047,2025-04-10,5,1.5,COD,Pending
O01716,C0189,P0055,2024-09-23,2,0.1,EASYPAISA,returned
O01717,C0191,P0037,2025-05-20,3,0.05,JAZZCASH,pending
O01718,C0431,P0014,2023-10-08,3,0.1,Easypaisa,Pending
O01719,C0002,P0015,2023-04-01,2,0.3,CASH,Completed
O01720,C0020,P0027,2023-02-24,3,0.25,EasyPaisa,Cancelled
O01721,C0052,P0058,2025-03-27,1,0.0,EasyPaisa,Cancelled
O01722,C0217,P0067,2023-03-29,1,0.2,cash,Returned
O01723,C0230,P0014,2023-10-31,2,0.3,Cod,Completed
O01724,C0499,P0044,2023-05-05,1,0.05,BANK TRANSFER,COMPLETED
O01725,C0210,P0058,2023-07-28,1,0.15,COD,CANCELLED
O01726,C0171,P0011,2023-04-08,3,0.1,Jazzcash,Returned
O01727,C0252,P0039,2024-02-13,3,0.05,Cash,Cancelled
O01728,C0013,P0003,2025-06-10,1,0.2,Bank Transfer,RETURNED
O01729,C0229,P0055,2025-05-29,2,0.15,cash,CANCELLED
O01730,C0062,P0072,2023-01-12,-5,0.25,CARD,PENDING
O01731,C0081,P0057,2024-06-04,3,0.15,easypaisa,Cancelled
O01732,C0041,P0046,2023-05-12,1,0.3,Card,Pending
O01733,C0010,P0005,2023-04-28,5,0.15,EASYPAISA,pending
O01734,C0052,P0040,2024-11-07,2,0.0,cash,Completed
O01735,C0026,P0058,2025-09-21,2,0.0,jazzcash,completed
O01736,C0011,P0096,2024-06-21,2,0.2,BANK TRANSFER,Completed
O01737,C0421,P0092,2024-07-06,2,0.1,Card,Completed
O01738,C0163,P0023,2023-03-28,1,0.2,Bank Transfer,Completed
O01739,C0414,P0076,2024-09-01,2,0.2,EASYPAISA,Pending
O01740,C0402,P0078,2025-12-19,10,0.25,Card,completed
O01741,C0102,P0060,2025-06-18,2,0.3,EASYPAISA,pending
O01742,C0309,P0072,2024-08-22,1,0.15,cash,cancelled
O01743,C0111,P0063,2024-08-10,5,0.15,Easypaisa,Returned
O01744,C0128,P0030,2023-12-23,2,0.15,card,CANCELLED
O01745,C0378,P0089,2025-11-21,2,0.2,JAZZCASH,completed
O01746,C0313,P0058,2023-01-31,1,0.3,JazzCash,Cancelled
O01747,C0453,P0056,,1,0.15,cash,pending
O01748,C0420,P0070,2023-12-18,1,0.15,cash,CANCELLED
O01749,C0339,P0086,2023-02-26,2,0.25,COD,RETURNED
O01750,C0049,P0070,2023-06-21,1,0.25,COD,Pending
O01751,C0462,P0019,2023-08-18,1,0.15,CASH,returned
O01752,C0476,P0085,2025-11-06,1,0.3,CASH,Pending
O01753,C0458,P0034,2024-09-14,1,0.05,Cash,PENDING
O01754,C0485,P0046,2025-12-04,1,0.05,Bank Transfer,PENDING
O01755,C0498,P0065,2025-02-04,1,0.0,Bank Transfer,Cancelled
O01756,C0032,P0004,2024-06-15,1,0.15,EasyPaisa,RETURNED
O01757,C0243,P0086,2023-07-11,3,0.05,card,Pending
O01758,C0289,P0011,2024-09-05,2,0.0,COD,Completed
O01759,C0479,P0021,2025-11-12,3,0.25,Bank Transfer,Returned
O01760,C0406,P0022,2025-05-17,2,0.2,Card,Pending
O01761,C0372,P0097,2025-03-14,2,0.25,Easypaisa,Completed
O01762,C0137,P0006,2024-12-27,1,0.0,JazzCash,Completed
O01763,C0405,P0075,2025-05-17,1,0.15,cash,PENDING
O01764,C0461,P0071,2024-05-23,1,0.1,Cod,cancelled
O01765,C0171,P0093,2025-02-11,1,0.3,easypaisa,Pending
O01766,C0094,P0038,2023-04-03,3,0.15,COD,returned
O01767,C0428,P0079,2025-02-09,1,0.05,COD,RETURNED
O01768,C9999,P0079,2025-05-29,1,0.15,BANK TRANSFER,RETURNED
O01769,C0078,P0009,2025-06-28,1,0.2,jazzcash,Completed
O01770,C0198,P0019,2023-11-24,10,0.1,bank transfer,Cancelled
O01771,C0423,P0081,2025-04-12,1,0.2,Card,Completed
O01772,C0258,P0074,2024-03-30,1,0.15,BANK TRANSFER,CANCELLED
O01773,C0315,P0006,2025-06-11,1,0.1,EASYPAISA,Pending
O01774,C0078,P0097,2025-12-15,1,0.2,cash,Pending
O01775,C0012,P0080,2023-05-10,1,0.0,Card,COMPLETED
O01776,C0301,P0097,2024-05-23,1,0.3,Bank Transfer,CANCELLED
O01777,C0421,P0027,2025-04-14,1,0.05,easypaisa,pending
O01778,C0458,P0001,2024-11-30,1,0.05,CASH,Returned
O01779,C0165,P0072,2025-11-12,1,0.1,cod,COMPLETED
O01780,C0466,P0022,2025-01-07,4,0.1,JAZZCASH,pending
O01781,C0075,P0034,2023-09-13,2,0.15,jazzcash,Completed
O01782,C0447,P0025,2024-08-15,1,1.5,BANK TRANSFER,PENDING
O01783,C0206,P0009,2025-08-20,2,0.15,Cod,Completed
O01784,C0396,P0067,2023-09-17,2,0.2,Bank Transfer,completed
O01785,C0280,P0070,2023-01-06,3,0.15,Bank Transfer,Cancelled
O01786,C0050,P0035,2023-06-13,1,0.15,Bank Transfer,completed
O01787,C0404,P0029,2024-10-30,2,0.15,COD,PENDING
O01788,C0485,P0034,2025-05-14,2,0.2,BANK TRANSFER,Cancelled
O01789,C0358,P0075,2025-03-21,2,0.2,EASYPAISA,Returned
O01790,C0477,P0065,2025-02-19,2,0.25,CASH,Returned
O01791,C0175,P0076,2024-06-18,5,0.3,cod,COMPLETED
O01792,C0057,P0016,2023-10-04,2,0.25,Card,Completed
O01793,C0433,P0088,2025-09-05,20,0.05,COD,pending
O01794,C0456,P0089,2023-04-02,1,0.0,EASYPAISA,Completed
O01795,C0217,P0088,2023-05-07,1,0.2,BANK TRANSFER,Pending
O01796,C0107,P0054,2024-10-05,1,0.25,COD,Cancelled
O01797,C0052,P0066,2024-06-16,1,0.2,cash,Pending
O01798,C0249,P0001,2023-04-11,1,0.25,Cod,returned
O01799,C0414,P0018,2024-09-03,1,0.2,JAZZCASH,Cancelled
O01800,C0025,P0038,2025-02-09,20,0.25,jazzcash,pending
O01801,C0221,P0064,2025-04-20,1,0.3,Easypaisa,Returned
O01802,C0083,P0002,2024-09-28,1,0.3,jazzcash,PENDING
O01803,C0388,P0057,2024-11-27,1,0.0,BANK TRANSFER,Pending
O01804,C0401,P0040,2024-10-15,5,0.05,Bank Transfer,completed
O01805,C0218,P0017,2024-05-11,3,0.1,JazzCash,Pending
O01806,C0449,P0049,2023-09-25,3,0.05,EASYPAISA,Returned
O01807,C0359,P0038,2023-04-21,1,0.25,JAZZCASH,returned
O01808,C0118,P0007,2023-01-19,2,0.25,EasyPaisa,Cancelled
O01809,C0439,P0024,2023-08-31,1,0.1,card,PENDING
O01810,C0220,P0062,2025-08-28,1,0.05,jazzcash,completed
O01811,C0200,P0004,2023-08-01,1,0.1,cod,Completed
O01812,C0048,P0048,2025-10-27,3,0.1,bank transfer,pending
O01813,C0031,P0001,2023-01-31,1,0.2,BANK TRANSFER,Pending
O01814,C0247,P0092,2025-10-09,20,0.05,CARD,COMPLETED
O01815,C0089,P0074,2025-01-03,1,0.3,cash,returned
O01816,C0229,P0018,2025-04-16,2,0.3,CARD,PENDING
O01817,C0039,P0019,2023-08-16,4,0.0,Card,Returned
O01818,C0118,P0095,2025-09-07,1,0.15,jazzcash,pending
O01819,C0444,P0097,2025-12-26,1,0.2,JAZZCASH,Cancelled
O01820,C0189,P0034,2025-11-18,1,0.05,cash,Cancelled
O01821,C0258,P0042,2024-06-02,1,0.3,JazzCash,Completed
O01822,C0017,P0087,2025-05-29,1,0.25,JAZZCASH,returned
O01823,C0334,P0060,2024-11-24,2,0.3,Card,Completed
O01824,C0058,P0018,2024-02-01,1,0.25,Easypaisa,Returned
O01825,C0395,P0069,2025-10-03,2,0.2,COD,completed
O01826,C0231,P0057,2025-03-26,2,0.05,COD,Returned
O01827,C0331,P0083,2023-12-07,1,0.0,Card,PENDING
O01828,C0351,P0022,2023-05-30,3,0.1,COD,completed
O01829,C0336,P0070,2023-05-05,3,0.0,Bank Transfer,Pending
O01830,C0493,P0032,2023-03-27,1,0.25,cod,Cancelled
O01831,C0017,P0050,2024-04-15,1,0.2,BANK TRANSFER,CANCELLED
O01832,C0137,P0080,2024-04-14,1,0.05,JAZZCASH,completed
O01833,C0019,P0090,2023-08-01,1,0.25,EASYPAISA,Pending
O01834,C0243,P0065,2024-08-09,1,0.0,easypaisa,Returned
O01835,C0089,,2024-06-04,1,0.25,JAZZCASH,Returned
O01836,C0135,P0055,2023-04-20,3,0.05,bank transfer,Returned
O01837,C0353,P0009,2025-08-31,2,0.05,EASYPAISA,completed
O01838,C0008,P0083,2024-10-18,1,0.2,Cash,cancelled
O01839,C0275,P0059,2025-10-25,1,0.1,Bank Transfer,Pending
O01840,,P0080,2025-05-21,10,0.2,Bank Transfer,Cancelled
O01841,C0454,P0098,2023-05-05,1,0.1,Easypaisa,CANCELLED
O01842,C0429,P0062,2023-08-03,1,0.15,COD,Cancelled
O01843,C0130,P0049,2024-04-21,1,0.0,COD,Pending
O01844,C0364,P0033,2023-12-25,1,0.05,BANK TRANSFER,Cancelled
O01845,C0304,P0058,2023-11-30,1,0.05,Bank Transfer,Completed
O01846,C0078,P0015,2025-10-20,1,0.3,CARD,Cancelled
O01847,C0089,P0067,2025-11-20,4,0.25,bank transfer,CANCELLED
O01848,C0086,P0019,2023-09-06,1,0.0,Cash,CANCELLED
O01849,C0118,P0023,2023-01-05,1,0.25,BANK TRANSFER,PENDING
O01850,C0237,P0056,2025-02-16,1,0.0,Bank Transfer,Pending
O01851,C0367,P0050,2023-09-07,1,0.0,JAZZCASH,cancelled
O01852,C0191,P0050,2023-07-10,1,0.25,Card,RETURNED
O01853,C0476,P0041,2024-05-14,2,0.0,Bank Transfer,COMPLETED
O01854,C0403,P0062,2024-07-19,1,0.3,Bank Transfer,Cancelled
O01855,C0100,P0041,2024-09-25,1,0.2,JazzCash,Completed
O01856,C0018,P0001,2024-02-11,2,0.0,Easypaisa,PENDING
O01857,C0469,P0024,2023-01-08,1,0.3,jazzcash,Returned
O01858,C0488,P0096,2025-02-15,1,0.0,Jazzcash,Completed
O01859,C0463,P0089,2023-04-05,1,0.25,EASYPAISA,pending
O01860,C0138,P0012,2023-06-01,1,0.25,Easypaisa,RETURNED
O01861,C0154,P0012,2023-07-04,2,0.05,jazzcash,Completed
O01862,C0414,P0058,2024-10-25,1,0.2,Bank Transfer,RETURNED
O01863,C0396,P0080,2025-08-19,1,0.2,,Returned
O01864,C0396,P0072,2024-02-03,1,0.2,CARD,returned
O01865,C0284,P0019,2025-02-12,1,0.2,bank transfer,PENDING
O01866,C0082,P0050,,2,0.2,Card,Pending
O01867,C0286,P0072,2025-12-01,3,0.2,Cash,Pending
O01868,C0271,P0088,2025-09-20,2,0.0,jazzcash,COMPLETED
O01869,C0190,P0076,2025-05-28,1,0.15,CASH,PENDING
O01870,C0460,P0049,2023-02-17,2,0.05,CARD,Completed
O01871,C0483,P0012,2023-09-29,1,0.25,Jazzcash,pending
O01872,C0435,P0081,2025-12-05,2,0.3,Card,pending
O01873,C0008,P0039,11/06/2023,2,0.0,Bank Transfer,RETURNED
O01874,C0479,P0018,2023-05-30,2,0.1,jazzcash,Returned
O01875,C0498,P0016,2025-08-01,1,0.1,COD,COMPLETED
O01876,C0344,P0096,2023-10-10,1,0.15,Bank Transfer,CANCELLED
O01877,C0402,P0010,2023-07-17,1,0.3,COD,Cancelled
O01878,C0144,P0012,2025-04-04,4,0.15,JazzCash,cancelled
O01879,C0084,P0019,2025-09-04,1,0.2,Cash,Pending
O01880,C0028,P0091,2024-06-25,2,0.1,jazzcash,Cancelled
O01881,C0054,P0071,2024-12-10,2,0.1,EASYPAISA,completed
O01882,C0164,P0056,2025-11-01,1,0.3,BANK TRANSFER,CANCELLED
O01883,C0065,P0047,2025-10-14,3,0.25,BANK TRANSFER,Completed
O01884,C0481,P0094,2023-04-12,1,0.15,card,Returned
O01885,C0210,P0036,2023-04-19,1,0.05,Card,RETURNED
O01886,C0434,P0061,2023-12-30,1,0.2,Bank Transfer,Returned
O01887,C0455,P0093,2024-07-27,1,0.0,EasyPaisa,CANCELLED
O01888,C0083,P0089,2024-06-20,2,0.05,Cash,Cancelled
O01889,C0215,P0010,2025-03-08,4,0.2,JazzCash,Completed
O01890,C0247,P0009,2023-05-01,2,0.2,cod,COMPLETED
O01891,C0047,P0015,2025-01-31,5,0.2,card,pending
O01892,C0454,P0014,2023-06-26,1,0.15,CASH,Completed
O01893,C0381,P0047,2024-04-10,4,0.3,Easypaisa,Completed
O01894,C0421,P0073,2023-10-06,1,0.0,EasyPaisa,Completed
O01895,C0415,P0056,2024-10-04,2,0.0,Easypaisa,Returned
O01896,C0464,P0090,2023-06-27,3,0.2,jazzcash,Returned
O01897,C0358,P0038,2024-04-09,3,0.05,Bank Transfer,Pending
O01898,C0212,P0076,2024-03-12,3,0.15,jazzcash,Cancelled
O01899,C0305,P0033,2024-07-25,5,0.3,CASH,Pending
O01900,C0429,P0094,2023-06-30,5,0.3,COD,CANCELLED
O01901,C0243,P0026,2024-09-28,3,0.0,Card,COMPLETED
O01902,C0019,P0034,2024-11-11,1,0.1,BANK TRANSFER,Pending
O01903,C0114,P0088,2024-01-11,1,0.1,card,Returned
O01904,C0225,P0033,2025-12-09,2,0.3,Card,Returned
O01905,C0447,P0020,2025-05-11,1,0.15,Jazzcash,pending
O01906,C0020,P0096,2025-05-29,1,0.2,Bank Transfer,CANCELLED
O01907,C0368,P0033,2024-09-05,4,0.2,card,Returned
O01908,C0496,P0023,2024-10-13,3,0.15,cod,RETURNED
O01909,C0208,P0018,2023-04-08,1,0.0,EASYPAISA,Pending
O01910,C0475,P0036,2023-04-13,1,0.15,Bank Transfer,RETURNED
O01911,C0181,P0011,2025-01-15,5,0.05,card,Cancelled
O01912,C0374,P0002,2023-03-11,1,0.1,JAZZCASH,Completed
O01913,C0022,P0064,2024-09-25,2,0.25,bank transfer,Completed
O01914,C0456,P0030,2023-07-24,5,0.0,EASYPAISA,PENDING
O01915,C0049,P0077,2023-02-09,1,0.3,JAZZCASH,PENDING
O01916,C0350,P0050,2023-04-21,2,0.05,card,COMPLETED
O01917,C0208,P0092,2025-01-29,4,0.1,Jazzcash,Completed
O01918,C0350,P0023,2023-01-02,3,0.25,CARD,cancelled
O01919,C0225,P0041,2025-01-01,3,0.0,cash,cancelled
O01920,C0441,P0054,2023-04-14,1,0.0,jazzcash,Cancelled
O01921,C0442,P0093,2024-01-10,4,0.1,Cod,Returned
O01922,C0226,P0082,11-26-2024,1,0.1,Cash,Pending
O01923,C0052,P0098,2025-06-26,2,0.3,Card,Pending
O01924,C0305,P0071,2023-04-12,4,0.25,COD,Returned
O01925,C0330,P0004,2024-04-17,2,0.3,Cash,COMPLETED
O01926,C0005,P0051,2024-08-12,5,0.2,CARD,RETURNED
O01927,C0396,P0093,2023-01-25,1,0.2,CASH,completed
O01928,C0143,P0045,2023-09-16,4,0.05,EASYPAISA,COMPLETED
O01929,C0260,P0079,2024-08-05,1,0.2,JAZZCASH,Completed
O01930,C0490,P0029,2024-11-20,3,0.2,CARD,RETURNED
O01931,C0178,P0098,2024-05-13,4,0.25,Bank Transfer,Returned
O01932,C0076,P0006,2025-01-10,1,0.0,Cash,pending
O01933,C0494,P0063,2023-01-27,2,0.15,bank transfer,Pending
O01934,C0483,P0071,2023-05-01,1,0.15,Cod,pending
O01935,C0245,P0034,2023-04-01,2,0.05,easypaisa,returned
O01936,C0356,P0088,2023-09-14,2,0.05,COD,Cancelled
O01937,C0292,P0037,2024-09-20,2,0.1,Card,COMPLETED
O01938,C0002,P0051,2025-10-02,1,0.3,CARD,Returned
O01939,C0168,P0002,2024-03-22,1,0.1,cash,completed
O01940,C0253,P0028,2025-02-16,1,0.05,Easypaisa,cancelled
O01941,C0147,P0014,2025-07-29,1,0.05,Bank Transfer,COMPLETED
O01942,C0322,P0024,2023-11-03,1,0.05,jazzcash,RETURNED
O01943,C0439,P0013,2023-05-23,1,0.3,cash,COMPLETED
O01944,C0330,P0054,2023-04-06,1,0.0,cod,Pending
O01945,C0262,P0033,2024-05-12,1,0.0,CASH,Pending
O01946,C0202,P0057,2024-03-26,2,0.2,Cash,Returned
O01947,C0459,P0087,2024-11-16,5,0.15,jazzcash,pending
O01948,C0166,P0073,2024-01-17,1,0.2,cod,pending
O01949,C0160,P0022,2025-03-20,1,0.3,card,PENDING
O01950,C0344,P0023,2023-01-18,3,0.05,Easypaisa,Returned
O01951,C0182,P0067,2024-01-18,1,0.15,easypaisa,COMPLETED
O01952,C0356,P0077,2023-09-16,1,0.15,Cash,completed
O01953,C0411,P0045,2023-11-28,1,0.3,Bank Transfer,COMPLETED
O01954,C0093,P0025,2025-06-02,2,0.05,Cash,CANCELLED
O01955,C0035,P0046,2025-12-10,2,0.2,Bank Transfer,Pending
O01956,C0371,P0001,2025-01-19,2,0.15,Cash,Completed
O01957,C0258,P0056,2024-03-09,1,0.1,BANK TRANSFER,completed
O01958,C0374,P0076,2024-10-02,2,0.15,COD,Pending
O01959,C0086,P0091,2023-07-12,1,0.2,CASH,Completed
O01960,C0385,P0099,2024-11-26,4,0.15,Bank Transfer,Cancelled
O01961,C0035,P0071,2025-02-07,2,0.05,BANK TRANSFER,PENDING
O01962,C0461,P0023,2025-11-08,1,0.1,Cash,COMPLETED
O01963,C0264,P0018,2023-12-11,2,0.15,CARD,completed
O01964,C0028,P0023,2024-03-13,2,0.2,CARD,Cancelled
O01965,C0070,P0085,2023-11-15,1,0.0,JazzCash,RETURNED
O01966,C0250,P0036,2024-03-08,2,0.25,Bank Transfer,Completed
O01967,C0034,P0054,2025-01-07,2,0.25,card,Completed
O01968,C0345,P0017,2023-01-27,1,0.25,Card,completed
O01969,C0142,P0092,2023-11-02,1,0.05,card,PENDING
O01970,C0255,P0046,2023-09-18,2,0.0,Card,Returned
O01971,C0368,P0025,2023-03-26,3,0.3,Card,COMPLETED
O01972,C0214,P0043,2023-04-07,1,0.15,Card,Completed
O01973,C0350,P0008,2024-12-06,2,0.2,CARD,Pending
O01974,C0234,P0059,2024-12-29,1,0.2,Cash,Cancelled
O01975,C0068,P0099,2023-05-26,2,0.25,card,Completed
O01976,C0213,P0088,2023-06-01,1,0.15,bank transfer,Completed
O01977,C0441,P0021,23-Dec-2025,1,0.3,cash,Returned
O01978,C0127,P0095,2024-07-19,1,0.15,EasyPaisa,cancelled
O01979,C0078,P0073,2023-06-16,3,0.05,Cash,Pending
O01980,C0250,P0002,2025-10-23,1,0.15,BANK TRANSFER,Returned
O01981,C0497,P0054,2025-03-16,1,0.3,CASH,Pending
O01982,C0120,P0090,2025-03-17,4,0.0,BANK TRANSFER,Pending
O01983,C0186,P0047,2023-05-04,1,0.1,jazzcash,Returned
O01984,C0336,P0005,2025-06-22,5,0.15,card,Returned
O01985,C0310,P0099,2024-01-22,2,0.2,Easypaisa,Returned
O01986,C0005,P0039,2025-02-10,1,0.05,Card,cancelled
O01987,C0198,P0018,2025-06-07,3,0.0,Cash,Returned
O01988,C0496,P0019,2024-06-07,1,0.15,Cod,cancelled
O01989,C0471,P0095,2024-12-04,4,0.2,COD,RETURNED
O01990,C0137,P0087,2023-11-06,1,0.2,bank transfer,Completed
O01991,C0274,P0095,2025-10-06,4,0.2,cod,Completed
O01992,C0379,P0080,2025-04-14,1,0.05,cod,returned
O01993,C0465,P0092,2023-06-23,2,0.2,COD,Pending
O01994,C0135,P0029,2024-02-16,2,0.3,CARD,CANCELLED
O01995,C0369,P0037,2025-08-01,5,0.05,jazzcash,Completed
O01996,C0187,P0069,2024-04-28,1,0.1,card,Completed
O01997,C0415,P0089,08-May-2024,1,0.25,Jazzcash,Pending
O01998,C0208,P0004,2025-02-04,10,0.1,jazzcash,PENDING
O01999,C0399,P0094,2025-03-10,4,0.2,cod,RETURNED
O02000,C0256,P0043,2025-07-17,1,0.25,Cod,RETURNED
O02001,C0370,P0099,2024-11-18,4,0.1,card,Pending
O02002,C0190,P0073,2025-08-25,20,0.1,Easypaisa,Pending
O02003,C0477,P0094,2025-10-26,1,0.3,cash,pending
O02004,C0107,P0036,2023-09-17,1,0.1,JazzCash,RETURNED
O02005,C0012,P0069,2023-01-17,2,0.3,BANK TRANSFER,Returned
O02006,C0261,P0012,2024-11-30,1,0.15,Bank Transfer,cancelled
O02007,C0166,P0048,2025-02-19,1,0.3,EasyPaisa,Cancelled
O02008,C0058,P0031,2023-01-28,1,0.1,Card,cancelled
O02009,C0189,P0100,2023-09-01,1,0.15,cash,RETURNED
O02010,C0027,P0086,2024-06-26,2,0.2,Card,cancelled
O02011,C0406,P0021,2025-04-30,3,0.1,JazzCash,Returned
O02012,C0110,P0092,2023-04-25,1,0.15,Card,Pending
O02013,C0116,P0014,2023-02-07,1,0.25,Cod,completed
O02014,C0254,P0068,2024-12-30,4,0.05,cash,Completed
O02015,C0189,P0094,2025-07-03,1,0.2,JazzCash,Returned
O02016,C0081,P0027,2025-01-12,3,0.25,JAZZCASH,Cancelled
O02017,C0222,P0065,2025-08-01,1,0.3,cod,Pending
O02018,C0025,P0015,2025-10-15,1,0.05,COD,completed
O02019,C0355,P0068,2025-04-21,2,0.25,Card,cancelled
O02020,C0464,P0057,2025-08-05,1,0.2,Easypaisa,PENDING
O02021,C0350,P0042,2025-04-12,1,0.15,CASH,Completed
O02022,C0143,P0008,2023-04-06,4,0.25,cod,RETURNED
O02023,C0418,P0020,2025-06-18,4,0.0,Cash,Returned
O02024,C0167,P0084,2025-11-29,2,0.0,Cash,COMPLETED
O02025,C0472,P0020,2025-09-17,3,0.05,COD,CANCELLED
O02026,C0034,P0040,2024-01-17,1,0.25,CARD,Completed
O02027,C0218,P0004,2024-09-08,1,0.2,Cod,Completed
O02028,C0394,P0028,2025-03-26,1,0.25,cod,Completed
O02029,C0254,P0022,2023-03-13,-1,0.05,EasyPaisa,Returned
O02030,C0180,P0091,2023-11-12,1,0.15,Card,Completed
O02031,C0308,P0083,2024-01-17,2,0.25,EASYPAISA,cancelled
O02032,C0177,P0017,2025-02-03,5,0.1,cod,cancelled
O02033,C0466,P0031,2023-10-31,1,0.25,COD,Pending
O02034,C0117,P0090,2024-01-25,3,0.2,bank transfer,CANCELLED
O02035,C0001,P0037,2025-01-14,3,0.25,COD,Cancelled
O02036,C0401,P0046,2024-04-06,1,0.15,Easypaisa,Completed
O02037,C0260,P0045,2023-03-13,1,0.0,cash,Pending
O02038,C0024,P0066,2024-01-19,1,0.15,Cash,Cancelled
O02039,C0425,P0026,2025-02-19,1,0.0,EASYPAISA,COMPLETED
O02040,C0080,P0051,2023-07-24,1,0.3,Bank Transfer,cancelled
O02041,C0458,P0072,2024-01-10,2,0.3,Easypaisa,Pending
O02042,C0473,P0091,2024-06-20,1,0.1,easypaisa,Pending
O02043,C0103,P0042,2025-06-25,2,0.05,card,CANCELLED
O02044,C0497,P0028,2023-11-09,1,0.05,Cod,COMPLETED
O02045,C0325,P0014,2024-08-21,1,0.05,Jazzcash,Cancelled
O02046,C0368,P0086,2024-01-13,1,0.1,easypaisa,Completed
O02047,C0194,P0024,2024-11-22,1,0.25,Cash,Pending
O02048,C0125,P0082,2025-09-07,3,0.05,cash,COMPLETED
O02049,C0273,P0008,2024-07-10,1,0.3,Easypaisa,Returned
O02050,C0054,P0031,2023-01-13,1,0.1,card,RETURNED
O02051,C0396,P0016,2024-10-25,1,0.25,CASH,CANCELLED
O02052,C0397,P0050,2023-12-24,1,0.0,Bank Transfer,Returned
O02053,C0340,P0052,2024-04-14,2,0.25,EASYPAISA,RETURNED
O02054,C0198,P0009,2024-10-04,2,0.3,EASYPAISA,completed
O02055,C0186,P0041,2024-05-29,2,0.3,Card,Completed
O02056,C0189,P0012,2025-05-26,5,0.1,cash,COMPLETED
O02057,C0290,P0099,01-Dec-2024,1,0.1,Cash,COMPLETED
O02058,C0296,P0093,2025-02-08,2,0.05,BANK TRANSFER,RETURNED
O02059,C0231,P0071,2025-10-14,1,0.05,Cash,pending
O02060,C0412,P0001,2023-10-08,1,0.05,easypaisa,Cancelled
O02061,C0342,P0002,2023-05-26,2,0.25,Easypaisa,COMPLETED
O02062,C0070,P0094,2023-07-03,1,0.0,Card,CANCELLED
O02063,C0385,P0092,2025-05-30,4,0.2,EasyPaisa,PENDING
O02064,C0273,P0073,2025-07-18,1,0.2,Bank Transfer,Pending
O02065,C0111,P0010,2023-12-04,1,0.15,Card,Completed
O02066,C0409,P0078,2024-01-15,1,0.25,easypaisa,completed
O02067,C0236,P0044,2025-12-22,1,0.15,cod,Pending
O02068,C0181,P0031,2024-03-01,4,0.25,Bank Transfer,Returned
O02069,C0104,P0015,2023-07-07,2,0.15,Jazzcash,RETURNED
O02070,C0097,P0004,2025-11-15,2,0.3,Bank Transfer,Returned
O02071,C0094,P0030,2023-09-13,1,0.05,cash,Completed
O02072,C0181,P0004,2024-12-15,1,0.15,JazzCash,returned
O02073,C0289,P0082,2025-07-23,2,0.1,EASYPAISA,Completed
O02074,C0365,P0007,2023-01-03,1,0.2,EASYPAISA,pending
O02075,C0157,P0040,2025-06-10,1,0.1,bank transfer,pending
O02076,C0304,P0058,2024-09-25,3,0.0,easypaisa,Cancelled
O02077,C0198,P0045,2025-05-23,2,0.0,JAZZCASH,returned
O02078,C0017,P0003,2025-04-12,1,0.1,Cod,Cancelled
O02079,C0241,P0026,2023-03-19,2,0.15,JazzCash,PENDING
O02080,C0316,P0024,2025-08-09,1,0.0,cod,returned
O02081,C0071,P0073,2025-02-17,1,0.05,cash,RETURNED
O02082,C0304,P0060,2023-01-17,1,0.1,cash,cancelled
O02083,C0271,P0021,2025-08-05,1,0.05,EasyPaisa,Returned
O02084,C0121,P0011,2024-10-05,2,0.2,BANK TRANSFER,Returned
O02085,C0314,P0051,2024-12-15,4,0.15,Cod,Pending
O02086,C0127,P0039,2024-11-07,2,0.3,JAZZCASH,Cancelled
O02087,C0158,P0091,2024-06-11,2,0.3,JazzCash,COMPLETED
O02088,C0203,P0073,2024-05-15,2,0.05,Cod,Returned
O02089,C0142,P0075,2025-07-12,1,0.2,JAZZCASH,PENDING
O02090,C0136,P0003,2025-12-12,2,0.3,Cod,Cancelled
O02091,C0075,P0029,2023-04-08,2,0.2,EasyPaisa,CANCELLED
O02092,C0310,P0093,2025-09-03,2,0.05,bank transfer,RETURNED
O02093,C0052,P0032,2023-11-19,1,0.0,bank transfer,Pending
O02094,C0067,P0008,2023-12-21,1,0.15,cash,pending
O02095,C0168,P0039,2025-11-28,1,0.1,COD,Pending
O02096,C0190,P0044,2025-08-25,3,0.05,Card,Completed
O02097,C0126,P0002,2023-03-29,1,0.2,Easypaisa,returned
O02098,C0196,P0009,2023-10-31,2,0.5,Bank Transfer,COMPLETED
O02099,C0422,P0004,2023-10-17,3,0.3,JAZZCASH,completed
O02100,C0070,P0100,2023-08-24,1,0.3,EasyPaisa,RETURNED
O02101,C0440,P0051,2024-12-30,1,0.2,Easypaisa,cancelled
O02102,C0170,P0075,2024-11-21,2,0.3,EASYPAISA,COMPLETED
O02103,C0285,P0056,2023-06-11,4,0.2,Card,COMPLETED
O02104,C0134,P0091,2025-01-08,2,0.05,jazzcash,RETURNED
O02105,C0204,P0050,2024-03-29,1,0.05,BANK TRANSFER,Returned
O02106,C0025,P0027,2024-08-30,3,0.05,EasyPaisa,Cancelled
O02107,C0478,P0086,2023-10-05,1,0.05,card,returned
O02108,C0235,P0038,2024-01-11,1,0.05,COD,completed
O02109,C0010,P0039,2024-04-20,2,0.25,Bank Transfer,Pending
O02110,C0259,P0095,2025-03-22,2,0.2,Cash,completed
O02111,C0283,P0084,2024-10-04,2,0.05,Bank Transfer,Returned
O02112,C0196,P0097,2023-04-13,1,0.3,Cod,completed
O02113,C0332,P0085,2025-09-24,1,0.1,CASH,PENDING
O02114,C0135,P0025,2023-03-18,1,0.3,Jazzcash,Completed
O02115,C0080,P0030,2025-01-20,4,0.05,CARD,RETURNED
O02116,C0217,P0051,2024-11-23,1,0.3,JAZZCASH,CANCELLED
O02117,C0102,P0026,2023-10-01,1,0.05,BANK TRANSFER,Cancelled
O02118,C0005,P0018,2023-02-03,1,0.15,Bank Transfer,Completed
O02119,C0111,P0027,2023-01-21,1,0.05,CARD,RETURNED
O02120,C0210,P0060,2025-06-22,1,0.25,Cash,PENDING
O02121,C0402,P0059,2025-01-17,4,0.0,EASYPAISA,pending
O02122,C0073,P0100,2025-09-06,2,0.1,JAZZCASH,CANCELLED
O02123,C0461,P0096,2023-04-27,1,0.25,JazzCash,cancelled
O02124,C0029,P0011,2023-12-21,4,0.25,BANK TRANSFER,Returned
O02125,C0418,P0063,2023-12-16,1,0.05,Jazzcash,CANCELLED
O02126,C0024,P0017,2024-08-29,1,0.3,bank transfer,Completed
O02127,C0047,P0059,2023-11-30,5,0.25,card,RETURNED
O02128,C0027,P0048,2023-04-30,0,0.25,Easypaisa,Returned
O02129,C0339,P0070,2025-08-05,2,0.0,Easypaisa,Pending
O02130,C0165,P0034,2025-04-27,1,0.3,BANK TRANSFER,CANCELLED
O02131,C0474,P0034,2023-04-13,1,0.25,Bank Transfer,cancelled
O02132,C0275,P9999,2023-11-12,2,0.15,cod,Cancelled
O02133,C0174,P0065,2023-05-12,1,0.1,Bank Transfer,Completed
O02134,C0411,P0075,2024-12-03,1,0.3,bank transfer,returned
O02135,C0365,P0033,2025-11-04,2,0.05,Card,Pending
O02136,C0128,P0081,2024-01-20,1,0.3,CASH,Cancelled
O02137,C0052,P0017,2023-06-23,1,0.0,Cash,pending
O02138,C0495,P0066,2023-03-27,1,0.1,COD,Pending
O02139,C0414,P0096,2023-04-13,2,0.0,EASYPAISA,completed
O02140,C0442,P0063,2024-08-19,2,0.3,cod,cancelled
O02141,C0307,P0020,2024-12-22,1,0.2,Bank Transfer,RETURNED
O02142,C0356,P0046,2023-12-31,2,0.25,CASH,Pending
O02143,C0053,P0023,2023-12-26,1,0.15,easypaisa,returned
O02144,C0128,P0029,2025-07-19,1,0.0,JAZZCASH,returned
O02145,C0077,P0019,2023-08-20,1,0.15,COD,Returned
O02146,C0351,P0034,2025-02-22,3,0.05,Card,Completed
O02147,C0355,P0070,2024-02-05,1,0.1,JAZZCASH,returned
O02148,C0227,P0003,2024-09-16,1,0.2,Easypaisa,returned
O02149,C0007,P0035,2025-08-09,1,0.05,cash,Returned
O02150,C0315,P0088,2025-02-12,2,0.25,JazzCash,Completed
O02151,C0314,P0099,2024-10-03,1,0.25,Easypaisa,pending
O02152,C0132,P0080,2024-01-08,1,-0.2,Cod,Cancelled
O02153,C0082,P0077,2024/10/10,1,0.1,CARD,pending
O02154,C0472,P0064,2025-08-29,1,0.05,card,returned
O02155,C0291,P0020,2023-02-05,1,0.15,JAZZCASH,completed
O02156,C0073,P0078,2023-10-02,1,0.1,bank transfer,Cancelled
O02157,C0078,P0076,2024-08-08,1,0.1,EASYPAISA,cancelled
O02158,C0022,P0020,2024-10-12,1,0.25,COD,Pending
O02159,C0120,P0056,2024-05-15,1,0.25,Card,Pending
O02160,C0089,P0080,2024-08-30,2,0.05,Cash,Pending
O02161,C0194,P0010,2024-11-17,2,0.2,Bank Transfer,Completed
O02162,C0331,P0086,2024-11-26,1,0.05,COD,COMPLETED
O02163,C0115,P0084,2023-03-24,1,0.2,Bank Transfer,Cancelled
O02164,C0361,P0021,2023-05-12,3,0.0,Card,CANCELLED
O02165,C0049,P0023,2023-06-06,1,0.1,Bank Transfer,Completed
O02166,C0365,P0048,2023-11-11,3,0.2,EASYPAISA,PENDING
O02167,C0206,P0039,2023-01-18,1,0.2,CASH,Returned
O02168,C0135,P0072,2023-04-30,1,0.1,Card,Completed
O02169,C0022,P0050,2023-12-30,2,0.2,EASYPAISA,Pending
O02170,C0327,P0068,2025-09-10,1,0.1,Bank Transfer,RETURNED
O02171,C0398,P0095,2025-03-05,2,0.1,EasyPaisa,returned
O02172,C0397,P0096,2023-09-01,2,0.25,Card,CANCELLED
O02173,C0152,P0085,2024-01-05,1,0.05,Cod,PENDING
O02174,C0415,P0019,2024-01-02,1,0.05,Cash,returned
O02175,C0354,P0009,2023-04-04,1,0.2,Jazzcash,Cancelled
O02176,C0408,P0015,2024-07-30,2,0.2,bank transfer,completed
O02177,C0047,P0061,2025-07-03,1,0.3,Easypaisa,Returned
O02178,C0295,P0089,2025-12-14,1,0.05,BANK TRANSFER,Cancelled
O02179,C0057,P0095,2023-02-10,1,0.15,EasyPaisa,PENDING
O02180,C0011,P0095,2023-12-11,2,0.0,Cash,Returned
O02181,C0480,P0026,2023-11-27,1,0.05,bank transfer,pending
O02182,C0097,P0013,2023-01-08,1,0.0,Jazzcash,Cancelled
O02183,C0139,P0032,2025-12-20,3,0.2,COD,Completed
O02184,C0479,P0046,2023-11-28,4,0.3,bank transfer,CANCELLED
O02185,C0338,P0100,2023-05-08,1,0.15,Bank Transfer,Pending
O02186,C0084,P0059,2025-06-12,4,0.3,Card,CANCELLED
O02187,C0433,P0072,2024-02-28,3,0.2,Bank Transfer,pending
O02188,C0345,P0027,2024-03-15,3,0.15,COD,Completed
O02189,C0259,P0044,2023-08-22,3,0.2,easypaisa,Cancelled
O02190,C0204,P0059,2023-08-03,1,0.2,JAZZCASH,Completed
O02191,C0001,P0010,2024-01-24,1,0.2,card,cancelled
O02192,C0461,P0029,2023-11-09,1,0.2,Bank Transfer,cancelled
O02193,C0179,P0024,02/08/2025,2,0.25,Cash,Pending
O02194,,P0091,2023-02-10,1,0.15,EASYPAISA,pending
O02195,C0049,P0084,2023-03-30,1,0.25,COD,Returned
O02196,C0423,P0075,2023-12-09,1,0.2,bank transfer,Completed
O02197,C0439,P0084,2024-06-29,1,0.0,BANK TRANSFER,Cancelled
O02198,C0240,P0078,2025-06-29,5,0.0,easypaisa,completed
O02199,C0181,P0076,2025-05-08,2,0.2,Cod,Cancelled
O02200,C0278,P0089,2024-09-04,1,0.15,Card,Completed
O02201,C0367,P0094,2023-11-05,2,0.15,JAZZCASH,Pending
O02202,C0274,P0050,2023-12-16,2,0.1,Bank Transfer,Completed
O02203,C0071,P0042,2025-07-06,1,0.2,Bank Transfer,CANCELLED
O02204,C0176,P0042,2024-04-02,2,0.25,EASYPAISA,completed
O02205,C0392,P0057,2024-09-02,3,0.2,Bank Transfer,COMPLETED
O02206,C0228,P0035,2025-08-31,1,0.2,Easypaisa,Pending
O02207,C0303,P0039,2023-05-09,2,0.2,bank transfer,pending
O02208,C0249,P0003,2023-01-08,2,0.2,Easypaisa,returned
O02209,C0352,P0088,2025-10-16,1,0.1,COD,returned
O02210,C0208,P0036,2023-06-04,5,0.05,Bank Transfer,returned
O02211,C0058,P0053,2025-08-04,1,0.3,Easypaisa,Returned
O02212,C0106,P0052,2025-12-28,1,0.15,JAZZCASH,COMPLETED
O02213,C0136,P0038,2024-10-09,1,0.2,Card,Pending
O02214,C0449,P0002,10-31-2024,5,0.0,cash,Cancelled
O02215,C0205,P0018,07-28-2025,1,0.15,Jazzcash,Completed
O02216,C0010,P0070,2024-01-02,1,0.3,jazzcash,Returned
O02217,C0267,P0014,2024-03-29,1,0.2,Bank Transfer,Cancelled
O02218,C0448,P0086,2023-03-26,1,0.1,cod,CANCELLED
O02219,C0317,P0077,2025-08-28,1,0.3,cod,Completed
O02220,C0284,P0045,2025-05-01,10,0.05,Cash,cancelled
O02221,C0474,P0058,2025-01-28,4,0.0,cash,cancelled
O02222,C0024,P0087,2024-12-07,2,0.3,COD,Pending
O02223,C0053,P0076,2024-12-29,2,0.0,Jazzcash,pending
O02224,C0150,P0013,2024-06-18,2,0.05,EasyPaisa,Returned
O02225,C0222,P0058,2023-04-17,1,0.15,cod,Completed
O02226,C0335,P0016,2025-12-23,1,0.15,COD,completed
O02227,C0016,P0015,2024-02-22,1,0.25,Cash,COMPLETED
O02228,C0119,P0035,2024-08-28,1,0.1,Card,completed
O02229,C0202,P0062,2024-07-15,2,0.15,bank transfer,Pending
O02230,C0420,P0048,04/12/2023,1,0.0,EasyPaisa,Cancelled
O02231,C0404,P0100,2023-09-16,1,0.1,bank transfer,PENDING
O02232,C0447,P0062,2023-10-08,1,0.15,card,CANCELLED
O02233,C0481,P0024,2023-09-13,2,0.1,Card,cancelled
O02234,C0478,P0082,2024-08-26,1,0.0,JazzCash,Pending
O02235,C0158,P0062,2025-03-07,1,0.1,COD,Returned
O02236,C0191,P0077,2024-04-01,2,0.1,Card,COMPLETED
O02237,C0435,P0030,2025-12-30,1,0.0,EASYPAISA,Completed
O02238,C0497,P0018,2024-08-11,1,0.1,Card,completed
O02239,C0086,P0090,2023-04-26,1,0.05,EASYPAISA,CANCELLED
O02240,C0338,P0024,2023-07-07,4,0.0,cod,Pending
O02241,C0122,P0100,2023-10-21,2,0.15,easypaisa,CANCELLED
O02242,C0218,P0099,2024-07-08,1,0.2,COD,Cancelled
O02243,C0317,P0045,2024-10-19,2,0.1,bank transfer,Returned
O02244,C0088,P0024,17-Sep-2024,1,0.3,JAZZCASH,Cancelled
O02245,C0365,P0041,2023-07-27,1,0.2,Jazzcash,Pending
O02246,C0189,P0079,2023-06-22,1,0.0,Jazzcash,Completed
O02247,C0271,P0082,2023-04-07,1,0.2,Cash,Returned
O02248,C0230,P0059,2024-09-21,1,0.05,JazzCash,cancelled
O02249,C0183,P0099,2023-10-17,1,0.3,Bank Transfer,returned
O02250,C0058,P0060,2023-09-01,1,0.1,COD,Pending
O02251,C0103,P0034,2024-08-15,3,0.2,Card,COMPLETED
O02252,C0171,P0030,2025-09-27,1,0.0,card,Cancelled
O02253,C0064,P0068,2024-03-21,1,0.3,Cash,CANCELLED
O02254,C0123,P0083,2025-12-03,4,0.05,EasyPaisa,Completed
O02255,C0263,P0061,2025-11-02,1,0.05,bank transfer,Completed
O02256,C0181,P0023,2025-09-09,1,0.05,Cash,returned
O02257,C0424,P0072,2025-06-09,1,0.25,cash,Returned
O02258,C0093,P0016,2025-06-30,2,0.15,JAZZCASH,cancelled
O02259,C0475,P0042,2024-04-08,1,0.3,Bank Transfer,completed
O02260,C0052,P0066,2023-08-08,1,0.25,easypaisa,CANCELLED
O02261,C0150,P0036,2025-02-20,1,0.25,Easypaisa,Pending
O02262,C0381,P0049,2023-11-29,2,0.15,BANK TRANSFER,completed
O02263,C0159,P0029,2024-03-05,3,0.05,bank transfer,returned
O02264,C0455,P0049,2025-05-30,1,0.1,cash,COMPLETED
O02265,C0354,P0005,2023-08-18,1,0.2,BANK TRANSFER,Returned
O02266,C0246,P0030,2023-02-04,1,0.05,Cod,returned
O02267,C0084,P0013,2023-06-24,1,0.15,COD,Returned
O02268,C0464,P0037,2023-12-15,2,0.15,Jazzcash,Returned
O02269,C0318,P0097,2025-07-26,2,0.15,Card,returned
O02270,C0422,P0100,2025-10-01,1,0.25,Bank Transfer,RETURNED
O02271,,P0067,2023-09-16,4,0.25,Cash,Completed
O02272,C0092,P0019,2023-05-27,1,0.2,EasyPaisa,Completed
O02273,C0420,P0018,2024-09-04,1,0.05,Cod,pending
O02274,C0461,P0011,2025-08-04,1,0.1,Bank Transfer,Returned
O02275,C0469,P0034,2024-11-04,3,0.3,JazzCash,Cancelled
O02276,C0218,P0064,11-24-2023,1,0.15,Bank Transfer,COMPLETED
O02277,C0043,P0024,2024/03/21,2,0.05,BANK TRANSFER,Returned
O02278,C0386,P0056,2023-08-22,2,0.2,Card,Pending
O02279,C0428,P0069,2023-06-13,1,0.1,Bank Transfer,COMPLETED
O02280,C0455,P0003,2023-12-08,3,0.15,EASYPAISA,Completed
O02281,C0190,P0041,2023-10-30,2,0.15,easypaisa,Cancelled
O02282,C0114,P0048,2023-07-03,2,0.25,jazzcash,Completed
O02283,C0387,P0093,2025-08-09,5,0.0,Cod,Returned
O02284,C0100,P0017,2025-03-19,1,0.25,Cash,completed
O02285,C0295,P0031,2023-06-13,1,0.3,Bank Transfer,Cancelled
O02286,C0437,P0074,2025-08-29,1,0.25,JAZZCASH,Returned
O02287,C0063,P0032,2025-05-23,1,0.0,COD,Returned
O02288,C0424,P0069,2023-07-26,3,0.25,Cash,COMPLETED
O02289,C0146,P0042,2023-05-05,3,0.1,CARD,pending
O02290,C0106,P0052,2023-05-23,4,0.25,BANK TRANSFER,Pending
O02291,C0106,P0049,2025-04-03,1,0.15,cash,Cancelled
O02292,C0354,P0045,2025-11-09,2,0.15,Bank Transfer,Cancelled
O02293,C0108,P0046,2024-05-10,2,0.0,Cod,COMPLETED
O02294,C0321,P0043,2024-10-20,5,0.3,EasyPaisa,Completed
O02295,C0188,P0082,2024-08-20,1,0.05,Cash,returned
O02296,C0441,P0050,2025-02-08,1,0.15,bank transfer,Cancelled
O02297,C0183,P0045,2023-08-25,1,0.1,Card,Pending
O02298,C0490,P0087,2023-03-29,2,0.3,Bank Transfer,Cancelled
O02299,C0242,P0063,2024-01-08,1,0.3,card,pending
O02300,C0393,P0084,2025-02-13,1,0.1,Card,Returned
O02301,C0091,P0067,2023-06-18,1,0.1,JAZZCASH,COMPLETED
O02302,C0419,P0091,2025-04-24,1,0.0,Bank Transfer,Pending
O02303,C0491,P0042,2024-02-24,1,0.3,Cod,Returned
O02304,C0210,P0034,2023-03-29,5,0.0,CASH,cancelled
O02305,C0343,P0072,2023-01-03,1,0.05,Cash,Returned
O02306,C0074,P0063,2025-05-09,1,0.05,BANK TRANSFER,completed
O02307,C0135,P0082,2024-06-14,2,0.15,CASH,Cancelled
O02308,C0304,P0041,2024-03-08,4,0.2,EASYPAISA,Completed
O02309,C0215,P0064,2025-04-03,1,0.3,Cod,Completed
O02310,C0292,P0023,2023-12-21,1,0.3,Jazzcash,PENDING
O02311,C0392,P0035,2024-10-17,2,0.1,Cash,cancelled
O02312,C0426,P0099,2024-11-04,1,0.15,card,Pending
O02313,C0064,P0059,2024-06-28,3,0.0,COD,pending
O02314,C0413,P0071,2023-09-03,2,0.3,Easypaisa,Returned
O02315,C0398,P0093,2023-03-13,1,0.05,BANK TRANSFER,completed
O02316,C0260,P0064,2024-02-25,1,0.15,COD,Returned
O02317,C0493,P0066,2024-03-31,2,0.05,EASYPAISA,Returned
O02318,C0390,P0061,2025-07-09,1,0.1,cash,CANCELLED
O02319,C0368,P0002,2023-01-26,2,0.0,Jazzcash,Cancelled
O02320,C0263,P0082,2025-05-08,5,0.05,BANK TRANSFER,cancelled
O02321,C0203,P0018,2024-12-15,1,0.05,cash,Returned
O02322,C0035,P0084,2023-12-15,3,0.05,Cash,Completed
O02323,C0371,P0084,2024-12-30,1,0.05,CASH,Returned
O02324,C0389,P0036,2023-05-16,1,0.25,COD,Pending
O02325,C0354,P0076,2024-07-11,1,0.05,Card,returned
O02326,C0191,P0100,2024-05-06,3,0.25,cash,COMPLETED
O02327,C0319,P0062,2024-09-25,1,0.25,Card,Cancelled
O02328,C0385,,2025-08-11,1,0.25,cod,PENDING
O02329,C0078,P0096,2025-03-09,-5,0.3,BANK TRANSFER,PENDING
O02330,C0105,P0024,2023-12-30,1,0.15,jazzcash,Cancelled
O02331,C0095,P0038,2023-01-29,1,0.25,COD,cancelled
O02332,C0089,P0054,2023-07-24,1,0.3,bank transfer,Completed
O02333,C0019,P0025,2024-09-17,1,0.15,cash,pending
O02334,C0111,P0007,2025-08-30,1,0.2,easypaisa,pending
O02335,C0356,P0084,2023-12-14,1,0.05,cash,Completed
O02336,C0305,P0043,2024-04-29,1,0.3,easypaisa,cancelled
O02337,C0036,P0074,2025-01-08,1,0.2,Bank Transfer,Completed
O02338,C0006,P0044,2025-08-10,1,0.1,CASH,COMPLETED
O02339,C0050,P0064,2024-05-13,1,0.3,Bank Transfer,completed
O02340,C0014,P0060,2024-03-18,2,0.0,Card,completed
O02341,C0336,P0058,2023-12-18,1,0.0,Card,pending
O02342,C0290,P0006,2025-11-09,1,0.0,COD,pending
O02343,C0254,P0019,2024-01-16,1,0.3,jazzcash,returned
O02344,C0446,P0091,2024-07-26,2,0.3,cash,Pending
O02345,C0057,P0073,2023-12-09,1,0.0,EasyPaisa,completed
O02346,C0233,P0033,2024-09-19,1,0.0,CARD,CANCELLED
O02347,C0389,P0039,2024-08-23,3,0.05,CARD,RETURNED
O02348,C0074,P0012,2025-03-24,1,0.1,CARD,Cancelled
O02349,C0467,P0076,2024-07-06,2,0.05,COD,Completed
O02350,C0299,P0035,2024-09-16,2,0.15,Easypaisa,CANCELLED
O02351,C9999,P0079,2023-02-16,1,0.05,Easypaisa,returned
O02352,C0162,P0013,2024-04-05,4,0.15,Easypaisa,COMPLETED
O02353,C0334,P0060,2024-09-06,2,0.0,COD,Cancelled
O02354,C0139,P0045,2025-01-05,2,0.1,CASH,PENDING
O02355,C0019,P0017,2023-08-05,1,0.25,CASH,RETURNED
O02356,C0490,P0069,2023-07-06,1,0.15,Bank Transfer,pending
O02357,C0388,P0090,2024-08-07,2,0.3,Bank Transfer,Pending
O02358,C0131,P0062,2025-05-26,2,0.2,Cod,Pending
O02359,C0065,P0028,2025-08-07,1,0.0,Cash,RETURNED
O02360,C0160,P0059,2024-06-14,1,0.25,Card,PENDING
O02361,C0421,P0085,2023-07-01,5,0.0,BANK TRANSFER,COMPLETED
O02362,C0252,P0038,2023-09-25,1,0.1,CASH,Completed
O02363,C0207,P0074,2025-12-19,4,0.3,Card,Pending
O02364,C0312,P0094,2023-09-19,3,0.3,jazzcash,Cancelled
O02365,C0143,P0070,2024-07-04,1,0.1,EasyPaisa,Completed
O02366,C0259,P0021,2023-08-29,1,0.2,EasyPaisa,returned
O02367,C0141,P0056,2024-01-19,1,0.3,Cash,CANCELLED
O02368,C0034,P0022,2024-02-13,2,0.15,COD,Cancelled
O02369,C0444,P0002,2025-01-05,4,0.0,CARD,cancelled
O02370,C0002,P0008,2023-02-12,1,0.2,Easypaisa,Cancelled
O02371,C0407,P0038,2025-04-05,1,0.2,Cash,Completed
O02372,C0002,P0067,2025-12-03,2,0.3,Bank Transfer,completed
O02373,C0063,P0033,2023-09-01,1,0.0,Cash,Completed
O02374,C0197,P0073,2023-11-08,3,0.05,Cod,PENDING
O02375,C0104,P0059,2025-12-25,4,0.2,COD,PENDING
O02376,C0379,P0092,2023-04-02,1,0.2,Cod,RETURNED
O02377,C0154,P0070,2023-06-18,4,0.3,Bank Transfer,Pending
O02378,C0246,P0034,2025-03-06,1,0.0,Cash,RETURNED
O02379,C0351,P0029,2024-05-25,1,0.0,Cod,CANCELLED
O02380,C0488,P0058,2023-06-18,4,0.2,CASH,returned
O02381,C0048,P0085,2025-01-26,2,0.1,Bank Transfer,Cancelled
O02382,C0389,P0074,2024-09-24,1,0.0,Card,RETURNED
O02383,C0413,P0086,2023-01-25,1,0.05,JazzCash,Cancelled
O02384,C0143,P0053,2025-04-21,1,0.1,EASYPAISA,Returned
O02385,C0146,P0075,2024-07-13,3,0.15,easypaisa,Cancelled
O02386,C0367,P0007,2023-07-15,1,0.05,JazzCash,Completed
O02387,C0415,P0018,2023-07-07,2,0.05,CARD,Cancelled
O02388,C0263,P0058,2024-08-14,5,0.05,easypaisa,Cancelled
O02389,C0018,P0068,2024-12-10,0,0.0,Easypaisa,returned
O02390,C0353,P0042,2023-10-06,1,0.3,JAZZCASH,Cancelled
O02391,C0211,P0040,2023-11-24,5,0.05,JAZZCASH,Pending
O02392,C0009,P0002,2024-08-26,1,0.2,CASH,cancelled
O02393,C0283,P0090,2024-11-10,1,0.0,cod,Pending
O02394,C0481,P0009,2023-12-28,2,0.1,JazzCash,Completed
O02395,C0147,P0086,2025-03-25,1,0.0,Cash,pending
O02396,C0309,P0023,2024-03-24,1,0.15,EASYPAISA,COMPLETED
O02397,C0028,P0011,2023-09-19,2,0.2,Card,Pending
O02398,C0045,P0004,2023-07-03,2,0.25,CARD,CANCELLED
O02399,C0463,P0017,2025-05-24,1,0.0,Card,completed
O02400,C0336,P0034,2025-12-26,2,0.0,easypaisa,pending
O02401,C0223,P0097,2024-10-27,1,0.3,Cod,returned
O02402,C0160,P0049,2023-04-05,5,0.1,cod,Cancelled
O02403,C0458,P0019,2025-06-19,1,0.05,Cod,RETURNED
O02404,C0197,P0004,2023-08-08,2,0.1,CARD,Completed
O02405,C0188,P0064,2024-02-24,5,0.1,EASYPAISA,Cancelled
O02406,C0133,P0031,2024-12-17,2,0.15,CASH,PENDING
O02407,C0210,P0069,2023-12-13,1,0.1,cash,Cancelled
O02408,C0423,P0059,2024-01-11,1,0.0,bank transfer,Pending
O02409,C0434,P0054,2025-03-04,4,0.25,EasyPaisa,Cancelled
O02410,C0439,P0017,2024-07-19,10,0.2,Easypaisa,Pending
O02411,C0437,P0070,2025-06-24,1,0.3,JazzCash,RETURNED
O02412,C0243,P0060,2023-06-14,2,0.2,CASH,Cancelled
O02413,C0186,P0002,2023-03-16,1,0.0,Bank Transfer,Returned
O02414,C0257,P0073,2025-09-16,20,0.05,Card,Cancelled
O02415,C0161,P0035,2024-03-05,1,0.1,cod,pending
O02416,C0450,P0095,2025-02-13,1,0.0,Card,completed
O02417,C0173,P0082,2025-06-05,3,0.2,cod,RETURNED
O02418,C0084,P0046,2024-06-09,2,0.05,Cash,pending
O02419,C0338,P0089,2024-07-20,3,0.25,CASH,Completed
O02420,C0052,P0086,2025-10-06,2,0.2,Bank Transfer,Completed
O02421,C0272,P0019,2025-08-07,1,0.3,COD,pending
O02422,C0120,P0040,2024-04-06,1,0.2,Jazzcash,cancelled
O02423,C0371,P0009,2025-12-17,1,0.2,Easypaisa,Completed
O02424,C0208,P0052,2024-06-15,100,0.0,jazzcash,Completed
O02425,C0419,P0013,2023-03-31,1,0.05,JAZZCASH,returned
O02426,C0101,P0085,2024-07-25,1,0.25,Card,Cancelled
O02427,C0442,P0004,2023-08-31,2,0.0,Jazzcash,Pending
O02428,C0003,P0031,2025-10-14,1,0.25,cod,PENDING
O02429,C0028,P0008,2024-02-19,1,0.25,Card,completed
O02430,C0305,P0058,2023-04-12,1,0.3,jazzcash,Completed
O02431,C0481,P0002,2024-03-05,1,0.15,cash,Cancelled
O02432,C0055,P0097,2025-10-13,2,0.2,EasyPaisa,pending
O02433,C0024,P0100,2023-08-03,3,0.3,EASYPAISA,cancelled
O02434,C0390,P0046,2023-04-15,2,0.1,cash,Returned
O02435,C0433,P0082,2025-08-13,3,0.1,JazzCash,Completed
O02436,C0322,P0016,2023-06-07,1,0.15,jazzcash,Cancelled
O02437,C0173,P0068,2023-12-06,2,0.0,EasyPaisa,CANCELLED
O02438,C0286,P0068,2025-06-27,1,0.0,easypaisa,Cancelled
O02439,C0400,P0060,2023-04-26,2,0.15,cash,pending
O02440,C0055,P0055,2023-02-26,2,0.2,cash,pending
O02441,C0500,P0020,2023-09-23,3,0.25,Bank Transfer,Pending
O02442,C0129,P0062,2025-10-01,2,0.2,Card,Pending
O02443,C0174,P0030,2023-03-24,1,0.15,Bank Transfer,Completed
O02444,C0461,P0001,2024-01-08,2,0.2,Cash,Returned
O02445,C0402,P0046,2025-08-11,3,0.2,CASH,Completed
O02446,C0087,P0084,2024-06-10,2,0.1,Card,Cancelled
O02447,C0110,P0051,2024-01-17,1,0.3,Cash,Pending
O02448,C0300,P0005,,2,0.3,EASYPAISA,RETURNED
O02449,C0434,P0059,2024-06-15,1,0.15,CASH,PENDING
O02450,C0411,P0057,2024-12-31,1,0.2,COD,Completed
O02451,C0126,P0074,2025-01-16,2,0.05,CASH,RETURNED
O02452,C0029,P0095,2023-08-25,3,0.1,Card,Pending
O02453,C0038,P0001,2025-09-10,4,0.05,CARD,RETURNED
O02454,C0024,P0084,2025-12-06,2,0.3,CARD,Returned
O02455,C0435,P0028,2023-08-19,2,0.3,card,CANCELLED
O02456,C0148,P0070,22/08/2024,1,0.05,CASH,Completed
O02457,C0155,P0014,2025-05-20,2,0.3,CASH,Completed
O02458,C0162,P0030,2023-04-06,1,0.1,cash,Pending
O02459,C0244,P0093,2025-01-16,2,0.25,Bank Transfer,Pending
O02460,C0358,P0038,2025-04-07,2,0.05,Card,RETURNED
O02461,C0120,P0040,2023-07-05,1,0.1,CASH,Completed
O02462,C0451,P0098,2024-07-19,4,0.15,JazzCash,Cancelled
O02463,,P0065,2025-05-19,3,0.0,JAZZCASH,pending
O02464,C0127,P0071,2024-11-21,1,0.3,cash,CANCELLED
O02465,C0280,P0099,06/06/2023,4,0.15,Jazzcash,completed
O02466,C0069,P0030,2025-02-01,2,0.15,Bank Transfer,Completed
O02467,C0175,P0047,2024-06-15,1,0.3,COD,completed
O02468,C0391,P0086,2025-08-03,1,0.25,EASYPAISA,COMPLETED
O02469,C0079,P0038,2024-08-22,1,0.25,Jazzcash,RETURNED
O02470,C0217,P0099,2025-08-05,1,0.0,jazzcash,Completed
O02471,C0227,P0014,2023-02-25,1,0.0,BANK TRANSFER,Pending
O02472,C0063,P0047,2025-02-25,3,0.3,COD,Pending
O02473,C0273,P0083,2024-04-15,1,0.25,Cash,cancelled
O02474,C0051,P0063,2024-10-13,1,0.05,bank transfer,COMPLETED
O02475,C0398,P0024,2025-06-24,1,0.0,Jazzcash,returned
O02476,C0362,P0059,2024-01-06,1,0.05,Bank Transfer,CANCELLED
O02477,C0171,P0034,2025-03-18,2,0.15,card,Pending
O02478,C0096,P0072,2025-11-23,3,0.0,EASYPAISA,pending
O02479,C0220,P0033,2023-10-06,1,0.25,EASYPAISA,Cancelled
O02480,C0074,P0062,2023-05-19,3,0.25,Card,returned
O02481,C0107,P0094,2025-04-01,1,0.25,Card,returned
O02482,C0310,P0017,2024-03-22,3,0.15,Cod,Pending
O02483,C0311,P0007,2025-04-12,3,0.25,cash,Returned
O02484,C0265,P0067,2025-03-16,2,0.05,card,Completed
O02485,C0356,P0043,2025-01-28,2,0.1,CASH,Returned
O02486,C0404,P0004,2025-12-10,4,0.2,Card,Pending
O02487,C0103,P0074,2025-05-06,2,0.1,BANK TRANSFER,Pending
O02488,C0220,P0033,2023-01-19,1,0.25,COD,RETURNED
O02489,C0211,P0058,2023-04-29,2,0.2,Bank Transfer,Pending
O02490,C0256,P0091,2024-11-25,1,0.05,easypaisa,Completed
O02491,C0301,P0091,2023-02-26,1,0.3,BANK TRANSFER,returned
O02492,C0076,P0024,03-Sep-2025,1,0.15,Cod,CANCELLED
O02493,C0234,P0094,2024-02-27,1,0.25,Card,cancelled
O02494,C0484,P0083,2023-10-29,1,0.0,Cash,pending
O02495,C0426,P0048,2025-09-30,1,0.0,EasyPaisa,COMPLETED
O02496,C0217,P0022,2023-04-28,2,0.05,Bank Transfer,Returned
O02497,C0059,P0037,2024-07-03,3,0.15,bank transfer,Cancelled
O02498,C0017,P0048,2023-12-26,4,0.3,EASYPAISA,Completed
O02499,C0107,P0075,2024-01-02,1,0.05,Cod,PENDING
O02500,C0493,P0073,2023-01-29,1,0.1,CARD,Pending
O02501,C0138,P0064,2023-06-08,1,0.2,Cash,COMPLETED
O02502,C0231,P0060,2023-02-09,4,0.3,Cash,Pending
O02503,C0474,P0025,2025-07-01,3,0.0,jazzcash,COMPLETED
O02504,C0482,P0005,2024-08-19,2,0.05,card,Pending
O02505,C0428,P0059,2024-01-11,1,0.1,Easypaisa,Cancelled
O02506,C0437,P0015,2025-06-21,1,0.1,EASYPAISA,Pending
O02507,C0124,P0072,2023-01-11,1,0.2,cash,PENDING
O02508,C0388,P0042,2024-06-16,1,0.1,Bank Transfer,returned
O02509,C0056,P0090,2024-03-24,2,0.05,CARD,pending
O02510,C0359,P0021,2025-10-07,1,0.3,Cash,cancelled
O02511,C0459,P0074,2023-08-30,3,0.05,Jazzcash,Completed
O02512,C0153,P0099,2025-05-29,1,0.3,Easypaisa,Pending
O02513,C0232,P0051,2024-11-09,3,0.15,card,RETURNED
O02514,C0183,P0027,2025-09-28,1,0.25,Cod,returned
O02515,C0012,P0058,2023-01-02,1,0.2,Easypaisa,Returned
O02516,C0418,P0001,2025-05-07,2,0.1,EasyPaisa,Completed
O02517,C0087,P0006,2023-01-21,2,0.0,Bank Transfer,CANCELLED
O02518,C0305,P0006,2023-12-06,1,0.0,JazzCash,Returned
O02519,C0452,P0031,2023-03-08,1,0.2,bank transfer,Completed
O02520,C0300,P0029,2023-12-22,3,0.1,Card,Cancelled
O02521,C0106,P0023,2023-01-14,5,0.05,,completed
O02522,C0021,P0020,2025-02-05,4,0.3,JazzCash,Returned
O02523,C0437,P0008,2023-08-21,2,0.25,CARD,Returned
O02524,C0146,P0043,2023-03-10,1,0.15,bank transfer,Returned
O02525,C0356,P0027,2024-02-01,2,0.05,Card,CANCELLED
O02526,C0151,P0032,2025-03-18,4,0.2,easypaisa,Cancelled
O02527,C0004,P0069,2023-02-24,1,0.25,Cod,Cancelled
O02528,C0063,P0017,2024-07-05,2,1.5,card,Completed
O02529,C0228,P0100,2024-11-13,2,0.15,JazzCash,CANCELLED
O02530,C0488,P0008,2023-08-30,1,0.15,easypaisa,cancelled
O02531,C0039,P0062,2025-07-30,1,0.1,JazzCash,CANCELLED
O02532,C0034,P0002,2025-02-25,1,0.3,JAZZCASH,Completed
O02533,C0290,P0027,2025-07-06,1,0.3,Cash,cancelled
O02534,C0093,P0051,2025-07-03,1,0.05,Cash,PENDING
O02535,C0191,P0030,2025-03-31,1,0.15,JAZZCASH,PENDING
O02536,C0164,P0020,2025-11-07,2,0.15,JAZZCASH,PENDING
O02537,C0053,P0019,2023-02-22,3,0.15,Cash,PENDING
O02538,C0415,P0099,2024-04-13,1,0.2,bank transfer,Cancelled
O02539,C0338,P0095,2025-12-27,4,0.1,CARD,Returned
O02540,C0032,P0025,2023-12-07,2,0.0,JAZZCASH,cancelled
O02541,C0441,P0043,2024-12-27,1,0.0,Jazzcash,Cancelled
O02542,C0369,P0099,2023-10-13,1,0.25,cash,returned
O02543,C0122,P0086,2023-04-12,1,0.15,easypaisa,Pending
O02544,C0327,P0018,18-Jun-2024,1,0.05,JazzCash,Returned
O02545,C0441,P0017,2023-11-11,5,0.2,Bank Transfer,Cancelled
O02546,C0363,P0033,2024-10-20,2,0.2,Cash,CANCELLED
O02547,C0377,P0001,2024-09-11,2,0.15,EASYPAISA,Completed
O02548,C0221,P0064,2025-02-21,3,0.05,Card,Cancelled
O02549,C0388,P0022,2025-05-30,1,0.1,Bank Transfer,Completed
O02550,C0085,P0044,2025-08-14,2,0.25,jazzcash,Pending
O02551,C0141,P0008,2025-11-30,1,0.2,jazzcash,CANCELLED
O02552,C0425,P0095,2023-12-18,5,0.1,cod,PENDING
O02553,C0364,P0062,2023-10-04,1,0.05,CASH,RETURNED
O02554,C0204,P0062,2023-09-14,2,0.3,Card,Returned
O02555,C0157,P0028,2024-10-15,2,0.0,bank transfer,PENDING
O02556,C0087,P0072,2023-11-22,1,0.3,JAZZCASH,Completed
O02557,C0387,P0014,2025-12-28,1,0.25,cod,Pending
O02558,C0087,P0097,2024-09-06,1,0.2,easypaisa,cancelled
O02559,C0302,P0098,2024-05-30,3,0.25,Cash,COMPLETED
O02560,C0436,P0022,2023-11-29,1,0.1,cash,Returned
O02561,C0292,P0074,2023-12-25,2,0.3,CASH,Pending
O02562,C0202,P0022,2025-06-27,1,0.15,easypaisa,Completed
O02563,C0135,P0044,2023-04-18,5,0.1,EasyPaisa,Cancelled
O02564,C0095,P0009,2025-09-04,3,0.25,CASH,Completed
O02565,C0368,P0030,2023-06-03,1,0.3,Cash,Cancelled
O02566,C0126,P0048,2024-02-16,1,0.05,card,Cancelled
O02567,C0153,P0060,2023-07-11,1,0.2,Card,Pending
O02568,C0437,P0001,2023-04-06,1,0.0,Bank Transfer,Cancelled
O02569,C0237,P0063,2023-03-18,1,0.1,EASYPAISA,Completed
O02570,C0473,,2025-05-06,3,0.0,EASYPAISA,pending
O02571,C0446,P0017,2025-03-11,1,0.25,BANK TRANSFER,Returned
O02572,C0006,P0002,2024-10-28,1,0.05,Card,Returned
O02573,C0217,P0012,2025-06-29,3,0.25,CARD,Cancelled
O02574,C0345,P0015,2024-02-26,10,0.05,easypaisa,completed
O02575,C0007,P0083,2024-06-14,1,0.0,EasyPaisa,Returned
O02576,C0071,P0026,2023-07-23,1,0.1,jazzcash,completed
O02577,C0469,P0096,2024-02-07,1,0.15,EASYPAISA,pending
O02578,C0268,P0047,2025-09-03,5,0.3,CASH,Pending
O02579,C0440,P0089,2024-03-02,2,0.2,jazzcash,Cancelled
O02580,C0320,P0006,2024-07-22,3,0.3,CASH,Pending
O02581,C0168,P0044,2023-07-24,1,0.15,Cash,completed
O02582,C0428,P0064,2024-01-22,1,0.25,Card,Completed
O02583,C0452,P0022,2024-08-10,2,0.15,JAZZCASH,returned
O02584,C0396,P0035,2023-06-09,2,0.05,CARD,RETURNED
O02585,C0177,P0055,2024-11-17,2,0.2,EasyPaisa,Returned
O02586,C0230,P0073,23-Jan-2023,1,0.3,jazzcash,Returned
O02587,C0382,,2025-02-14,3,0.05,easypaisa,COMPLETED
O02588,C0144,P0089,2025-08-15,1,0.2,easypaisa,Returned
O02589,C0033,P0084,2023-01-25,5,0.0,Bank Transfer,RETURNED
O02590,C0117,P0065,2024-11-21,2,0.1,Easypaisa,Returned
O02591,C0090,P0012,2025-03-11,2,0.05,JazzCash,Completed
O02592,C0428,P0005,2024-03-27,1,0.0,jazzcash,Pending
O02593,C0026,P0040,2025-09-27,3,0.25,EASYPAISA,Completed
O02594,C0151,P0029,2025-07-22,1,0.2,JAZZCASH,RETURNED
O02595,C0109,P0059,2023-04-15,1,0.15,Cash,PENDING
O02596,C0432,P0084,2024-12-20,3,0.1,EASYPAISA,pending
O02597,C0068,P0087,2025-03-05,2,0.15,bank transfer,Completed
O02598,C0189,P0085,2024-08-31,3,0.0,Bank Transfer,Returned
O02599,C0419,P9999,2023-03-10,4,0.05,EasyPaisa,Pending
O02600,C0474,P0090,2023-12-08,2,0.0,Cash,returned
O02601,C0172,P0006,2025-07-19,2,0.3,Bank Transfer,PENDING
O02602,C0011,P0038,2024-04-28,1,0.3,Easypaisa,Completed
O02603,C0173,P0005,2024-04-11,2,0.15,JazzCash,Pending
O02604,C0304,P0066,2024-05-18,1,0.15,easypaisa,Pending
O02605,C0341,P0028,2023-02-15,3,0.15,cod,COMPLETED
O02606,C0281,P0018,2024-01-10,2,0.15,EASYPAISA,pending
O02607,C0467,P0074,2024-07-29,2,0.2,cash,PENDING
O02608,C0261,P0083,2025-11-04,1,0.05,bank transfer,returned
O02609,C0347,P0077,2023-04-06,1,0.3,Card,PENDING
O02610,C0105,P0039,2023-12-13,2,0.25,Bank Transfer,Pending
O02611,C0205,P0004,2024-10-06,2,0.25,jazzcash,Completed
O02612,C0433,P0086,2024-09-11,2,0.05,Cash,PENDING
O02613,C0031,P0034,2025-05-15,2,0.3,Cash,Pending
O02614,C0350,P0093,2025-06-25,1,0.15,CARD,CANCELLED
O02615,C0430,P0008,2023-05-23,1,0.05,BANK TRANSFER,COMPLETED
O02616,C0243,P0025,2023-12-30,2,0.2,BANK TRANSFER,Completed
O02617,C0345,P0073,2023-11-24,1,5.0,Card,Pending
O02618,C0360,P0042,2024-02-22,2,0.05,Easypaisa,completed
O02619,C0235,P0095,2023-01-13,1,0.3,JazzCash,RETURNED
O02620,C0088,P0052,2024-08-20,1,0.05,Cod,cancelled
O02621,C0498,P0012,2024-05-01,5,0.1,cod,completed
O02622,C0058,P0037,2025-01-04,2,0.2,Easypaisa,pending
O02623,C0014,P0049,2024-01-03,1,0.1,BANK TRANSFER,Pending
O02624,C0098,P0001,2025-01-23,1,0.2,Bank Transfer,Cancelled
O02625,C0491,P0035,2024-04-20,2,0.2,cod,RETURNED
O02626,C0338,P0032,22/04/2023,2,0.3,COD,completed
O02627,C0239,P0093,2023-08-17,1,0.2,CASH,Pending
O02628,C0325,P0049,2024-07-09,2,0.25,CASH,Returned
O02629,C0453,P0083,2025-12-16,2,0.3,Cash,Completed
O02630,C0195,P0084,2024-06-01,3,0.2,COD,CANCELLED
O02631,C0462,P0084,2025-11-12,1,0.0,Card,Pending
O02632,C0397,P0006,2023-08-23,1,0.2,Card,Pending
O02633,C0323,P0039,2023-03-29,1,0.0,card,completed
O02634,C0263,P0081,2023-03-06,1,0.3,Cash,PENDING
O02635,C0082,P0052,2023-11-04,1,0.2,Easypaisa,Cancelled
O02636,C0334,P0099,2024-08-29,3,0.3,Bank Transfer,RETURNED
O02637,C0386,P0004,2023-02-09,1,0.2,Bank Transfer,returned
O02638,C0488,P0073,2024-01-12,2,0.15,COD,returned
O02639,C0046,P0010,2025-05-08,1,0.15,bank transfer,COMPLETED
O02640,C0369,P0077,2025-02-27,3,0.05,easypaisa,Pending
O02641,C0201,P0017,2023-02-01,2,0.2,card,Completed
O02642,C0123,P0080,2023-09-03,1,0.25,CARD,PENDING
O02643,C0100,P0087,2024-06-25,1,0.05,jazzcash,pending
O02644,C0323,P0084,2024-01-12,2,0.1,Bank Transfer,Pending
O02645,C0461,P0001,2023-06-16,1,0.25,COD,Returned
O02646,C0415,P0085,2023-10-20,1,0.25,jazzcash,CANCELLED
O02647,C0209,P0077,2023-02-08,2,0.05,Card,Pending
O02648,C0187,P0032,2023-01-19,1,0.1,BANK TRANSFER,PENDING
O02649,C0208,P0091,2023-05-01,1,0.15,COD,PENDING
O02650,C0001,P0017,2024-08-24,1,0.1,Card,returned
O02651,C0022,P0046,2024-12-27,1,0.3,easypaisa,returned
O02652,C0257,P0097,2023-06-12,2,0.3,EASYPAISA,Returned
O02653,C0399,P0036,2023-02-03,5,0.3,easypaisa,Returned
O02654,C0431,P0066,2023-10-28,1,0.3,cod,PENDING
O02655,C0256,P0032,2025-11-26,1,0.25,EasyPaisa,PENDING
O02656,C0078,P0026,2023-09-18,1,0.0,Easypaisa,Pending
O02657,C0414,P0060,2025-12-19,1,0.2,cash,Cancelled
O02658,C0191,P0075,27/09/2024,2,0.15,Cod,Cancelled
O02659,C0070,P0096,2023-04-14,5,0.05,BANK TRANSFER,PENDING
O02660,C0095,P0022,2025-04-21,2,0.05,cash,PENDING
O02661,C0214,P0051,2023-05-29,5,0.2,BANK TRANSFER,Pending
O02662,C0091,P0025,2024-12-07,1,0.2,Bank Transfer,Cancelled
O02663,C0302,P0095,2024-05-22,1,0.3,Bank Transfer,pending
O02664,C0443,P0052,20-Nov-2025,1,0.15,easypaisa,Cancelled
O02665,C0191,P0100,2025-06-07,1,0.0,card,Returned
O02666,C0269,P0023,2023-04-11,1,0.3,JazzCash,cancelled
O02667,C0049,P0042,2024-02-14,2,0.25,card,COMPLETED
O02668,C0080,P0017,2025-04-04,1,0.0,,Returned
O02669,C0153,P0007,2025-08-13,4,0.05,bank transfer,completed
O02670,C0490,P0040,2024-04-09,3,0.3,Jazzcash,Completed
O02671,C0112,P0039,2023-08-31,1,0.2,Bank Transfer,Pending
O02672,C0165,P0020,2025-08-20,1,0.2,Bank Transfer,Pending
O02673,C0330,P0042,2025-02-24,1,0.25,cod,Cancelled
O02674,C0152,P0002,2024-11-05,2,0.25,Cod,Cancelled
O02675,C0029,P0067,2024-01-10,1,0.3,CARD,Completed
O02676,C0292,P0063,2025-05-23,1,0.3,cash,RETURNED
O02677,C0287,P0080,2025-03-31,1,0.2,BANK TRANSFER,Completed
O02678,C0333,P0048,2025-04-03,1,0.0,CASH,Pending
O02679,C0338,P0047,2024-05-18,2,0.0,Easypaisa,Pending
O02680,C0210,P0013,2025-12-13,1,0.1,EasyPaisa,Cancelled
O02681,C0388,P0098,2024-08-17,3,0.0,JAZZCASH,cancelled
O02682,C0408,P0040,2025-10-02,1,0.25,card,Returned
O02683,C0116,P0010,2024-02-02,1,0.2,JazzCash,PENDING
O02684,C0050,P0002,2023-04-17,1,0.15,Card,Cancelled
O02685,C0038,P0064,2024-12-17,1,0.15,Cash,CANCELLED
O02686,C0495,P0006,2023-10-28,2,0.3,bank transfer,COMPLETED
O02687,C0303,P0026,2025-11-22,1,0.05,easypaisa,COMPLETED
O02688,C0098,P0039,2024-01-12,3,0.3,JazzCash,Returned
O02689,C0434,P0058,2024-08-09,1,0.0,Jazzcash,PENDING
O02690,C0221,P0004,2025-06-28,2,0.2,EASYPAISA,Cancelled
O02691,C0397,P0029,2024-10-07,10,0.0,COD,pending
O02692,C0212,P0042,2023-06-06,2,0.2,Cash,pending
O02693,C0323,P0005,2025-01-01,1,0.25,Card,CANCELLED
O02694,C0443,P0069,2024-12-11,1,0.1,EASYPAISA,cancelled
O02695,C0498,P0033,2023-03-17,2,0.0,BANK TRANSFER,RETURNED
O02696,C0261,P0001,2024-12-06,1,0.25,cash,Completed
O02697,C0165,P0058,2024-06-17,1,0.3,Bank Transfer,pending
O02698,C0343,P0047,2024-05-24,2,0.0,EASYPAISA,Completed
O02699,C0332,P0063,2025-08-26,1,0.1,cash,Cancelled
O02700,C0457,P0002,,1,0.1,Cash,Returned
O02701,C0010,P0098,2024-05-24,2,0.3,COD,Cancelled
O02702,C0092,P0011,2023-02-19,2,0.2,EASYPAISA,Pending
O02703,C0394,P0021,2023-03-23,1,0.1,BANK TRANSFER,PENDING
O02704,C0351,P0036,2023-02-13,2,0.2,bank transfer,completed
O02705,C0078,P0051,2024-10-20,1,0.25,jazzcash,COMPLETED
O02706,C0498,P0049,2024-08-01,2,0.25,Bank Transfer,cancelled
O02707,C0444,P0027,2024-04-29,1,0.15,Card,Cancelled
O02708,C0029,P0025,2025-08-17,1,0.3,CASH,Completed
O02709,C0391,P0099,2025-06-03,1,0.2,cod,PENDING
O02710,C0497,P0006,2023-12-11,1,0.25,cod,Completed
O02711,C9999,P0090,2023-07-09,1,0.25,COD,RETURNED
O02712,C0444,P0029,2023-06-11,1,0.25,Card,Pending
O02713,C0194,P0013,2023-07-17,1,0.1,Bank Transfer,returned
O02714,C0288,P0007,2024-12-03,1,0.15,card,Cancelled
O02715,C0337,P0016,2023/08/17,2,0.15,cash,Returned
O02716,C0233,,2023-11-22,1,0.1,Card,Pending
O02717,C0348,P0001,2025-09-01,1,0.1,Jazzcash,Returned
O02718,C0152,P0062,2023-04-27,3,0.25,cod,CANCELLED
O02719,C0471,P0082,2024-02-07,1,0.3,CASH,Returned
O02720,C0200,P0096,2023-05-31,3,0.2,jazzcash,Cancelled
O02721,C0296,P0035,2025-05-12,3,0.15,Easypaisa,PENDING
O02722,C0068,P0053,2024-01-04,1,0.25,Bank Transfer,Pending
O02723,C0473,P0001,2025-01-14,1,0.0,Card,PENDING
O02724,C0038,P0095,2025-12-30,1,0.05,JAZZCASH,pending
O02725,C0417,P0072,2025-07-07,1,0.15,Bank Transfer,Pending
O02726,C0025,P0043,2023-04-17,1,0.0,EasyPaisa,PENDING
O02727,C0123,P0056,2023-01-18,1,0.05,COD,COMPLETED
O02728,C0332,P0082,28/05/2025,1,0.0,bank transfer,Completed
O02729,C0006,P0028,2023-03-31,2,0.05,cash,CANCELLED
O02730,C0328,P0004,2023-10-21,1,0.0,BANK TRANSFER,Returned
O02731,C0174,P0021,2024-02-14,2,0.15,jazzcash,pending
O02732,C0357,P0077,2025-01-20,1,0.0,Bank Transfer,Cancelled
O02733,C0497,P0051,2023-03-27,1,0.25,Bank Transfer,PENDING
O02734,C0023,P0018,2025-08-07,1,0.3,EasyPaisa,Returned
O02735,C0339,P0042,2024-06-11,3,0.25,Bank Transfer,cancelled
O02736,C0023,P0041,2024-08-08,2,0.2,JazzCash,Returned
O02737,C0474,P0043,2024-04-06,1,0.0,Bank Transfer,Completed
O02738,C0323,P0072,2023-09-05,2,0.2,easypaisa,Returned
O02739,C0323,P0045,2025-12-20,1,0.3,jazzcash,Returned
O02740,C0204,P0052,2023-11-18,3,0.2,COD,returned
O02741,C0077,P0016,2025-10-07,2,0.0,Jazzcash,pending
O02742,C0195,P0002,2024-04-25,5,0.15,Cash,PENDING
O02743,C0431,P0018,2024-09-26,1,0.0,Easypaisa,Completed
O02744,C0152,P0058,2023-11-12,2,0.15,CASH,Cancelled
O02745,C0101,P0046,2023-05-09,1,0.1,CASH,Completed
O02746,C0192,P0026,2023-01-09,1,0.05,Cod,Completed
O02747,C0217,P0064,2023-07-12,1,0.0,JAZZCASH,PENDING
O02748,C0293,P0008,2025-02-03,1,0.1,Jazzcash,COMPLETED
O02749,C0108,P0032,2024-10-30,1,0.2,JazzCash,Completed
O02750,C0364,P0049,2024-06-25,2,0.1,Card,Completed
O02751,C0349,P0041,2025-08-15,2,0.1,cod,pending
O02752,C0064,P0074,2023-06-13,2,0.2,COD,Pending
O02753,C0223,P0096,2024-09-07,3,0.15,Bank Transfer,Cancelled
O02754,C0220,P0043,2025-03-06,3,0.2,Card,Cancelled
O02755,C0452,P0042,2025-10-10,1,0.25,bank transfer,Pending
O02756,C0203,P0071,2023-01-15,1,0.15,CASH,cancelled
O02757,C0497,P0032,2025-09-06,3,0.3,COD,Completed
O02758,C0278,P0034,2024-05-15,3,0.3,Cod,Completed
O02759,C0289,P0024,2023-12-02,1,0.1,easypaisa,pending
O02760,C0124,P0028,2024-01-24,3,0.05,cod,Pending
O02761,C0109,P0088,2023-09-30,1,0.3,easypaisa,Returned
O02762,C0133,P0006,2024-01-17,3,0.05,JAZZCASH,CANCELLED
O02763,C0391,P0021,2025-03-19,4,0.15,Easypaisa,cancelled
O02764,C0133,P0022,2025-06-18,1,0.05,BANK TRANSFER,cancelled
O02765,C0115,P0093,2025-12-31,3,0.25,Card,completed
O02766,C0070,P0031,09-Jan-2024,1,0.0,JAZZCASH,completed
O02767,C0034,P0055,2024-01-22,1,0.3,Card,returned
O02768,C0151,P0018,2024-03-11,5,0.15,COD,Completed
O02769,C0310,P0076,2025-12-11,1,0.2,CASH,pending
O02770,C0170,P0042,2023-06-22,1,0.1,Cod,RETURNED
O02771,C0065,P0050,2023-04-28,4,0.15,jazzcash,Pending
O02772,C0292,P0089,2023-05-23,1,0.05,CASH,Completed
O02773,C0002,P0092,2025-03-16,2,0.05,Card,Cancelled
O02774,C0095,P0100,2025-06-04,20,0.25,Card,cancelled
O02775,C0253,P0058,2025-08-15,1,0.05,CASH,PENDING
O02776,C0454,P0093,2025-11-02,2,0.0,Easypaisa,Pending
O02777,C0476,P0039,2025-09-06,1,0.3,easypaisa,completed
O02778,C0107,P0072,2025-01-10,1,0.15,CASH,RETURNED
O02779,C0315,P0041,2023-12-14,2,0.3,JazzCash,Cancelled
O02780,C0323,P0037,2023-06-23,2,0.0,COD,Pending
O02781,C0406,P0091,2024-09-01,2,0.05,EasyPaisa,Returned
O02782,C0010,P0087,2025-06-08,1,0.3,Jazzcash,cancelled
O02783,C0220,P0059,2025-05-10,1,0.2,Cash,Pending
O02784,C0426,P0021,2023-01-29,3,0.05,Cod,Pending
O02785,C0098,P0066,2024-12-31,2,0.3,EASYPAISA,RETURNED
O02786,C0485,P0053,2023-05-26,1,0.15,JAZZCASH,Returned
O02787,C0305,P0063,2024-03-03,1,0.05,Bank Transfer,pending
O02788,C0384,P0074,2024-07-22,3,0.2,CASH,RETURNED
O02789,C0307,P0091,2025-11-02,1,0.2,Cod,returned
O02790,C0417,P0041,2023-01-30,3,0.2,COD,Cancelled
O02791,C0074,P0054,2025-06-12,1,0.05,Card,Cancelled
O02792,C0500,P0076,2024-06-10,3,0.0,card,completed
O02793,C0081,P0092,2025-12-28,3,0.0,cod,completed
O02794,C0169,P0079,2024-08-13,2,0.1,Card,returned
O02795,C0009,P0001,2023-05-30,1,0.15,EASYPAISA,CANCELLED
O02796,C0071,P0025,2025-12-23,2,0.1,easypaisa,Returned
O02797,C0089,P0082,2023-11-27,1,0.25,easypaisa,pending
O02798,C0033,P0066,2025-10-23,1,0.05,Card,Pending
O02799,C0270,P0083,2025-09-16,1,0.25,BANK TRANSFER,RETURNED
O02800,C0035,P0050,2025-12-05,1,0.25,CASH,cancelled
O02801,C0358,P0093,2024-06-07,2,0.1,easypaisa,Returned
O02802,C0240,P0096,2024-07-09,1,0.3,COD,RETURNED
O02803,C0264,P0055,2025-06-27,2,0.2,EasyPaisa,cancelled
O02804,C0453,P0087,05-09-2024,5,0.3,bank transfer,Pending
O02805,C0079,P0026,2025-03-19,3,0.0,bank transfer,COMPLETED
O02806,C0294,P0019,2025-05-04,1,0.15,card,completed
O02807,C0051,P0054,2024-10-22,1,0.1,COD,Pending
O02808,C0351,P0065,2025-04-12,5,0.1,EasyPaisa,Pending
O02809,C0166,P0042,2025-01-04,3,0.1,CASH,cancelled
O02810,C0131,P0061,2025-06-01,1,0.0,CASH,Pending
O02811,C0269,P0058,2024-11-22,1,0.3,EASYPAISA,CANCELLED
O02812,C0150,P0088,2023-04-28,1,0.15,Easypaisa,Returned
O02813,C0131,P0042,2023-08-07,1,0.1,JAZZCASH,RETURNED
O02814,C0036,P0099,2025-11-15,2,0.15,jazzcash,Completed
O02815,C0074,P0026,2024-02-17,1,0.2,Easypaisa,Completed
O02816,C0263,P0100,2024-04-22,3,0.3,easypaisa,COMPLETED
O02817,C0374,P0009,2025-07-15,1,0.05,easypaisa,cancelled
O02818,C0024,P0080,2024-09-02,3,0.1,Card,CANCELLED
O02819,C0263,P0083,2025-04-22,1,0.0,Cod,Returned
O02820,C0375,P0007,2025-12-31,1,0.2,Jazzcash,COMPLETED
O02821,C0109,P0035,2023-01-25,2,0.15,COD,completed
O02822,C0422,P0078,2025-09-01,2,0.3,BANK TRANSFER,PENDING
O02823,C0070,P0035,2024-11-20,20,0.2,JazzCash,completed
O02824,C0108,P0047,2025-03-08,2,0.2,CASH,Returned
O02825,C0163,P0006,2025-08-08,1,0.3,easypaisa,PENDING
O02826,C0154,P0066,2023-01-30,2,0.15,Cod,CANCELLED
O02827,C0294,P0033,2023-02-08,3,0.2,COD,Completed
O02828,C0072,P0085,2025-06-04,1,0.25,bank transfer,Returned
O02829,C0139,P0019,2023-04-01,3,0.0,JazzCash,cancelled
O02830,C0171,P0067,2024-07-28,2,0.3,cash,Pending
O02831,C0098,P0040,2023-11-11,1,0.0,Bank Transfer,PENDING
O02832,C0341,P0059,2025-08-22,1,0.15,EasyPaisa,returned
O02833,C0313,P0047,2023-08-21,2,0.0,Bank Transfer,Pending
O02834,C0378,P0035,2025-12-06,2,0.05,cash,cancelled
O02835,C0430,P0078,2024-10-17,2,0.2,Easypaisa,Returned
O02836,C0055,P0074,2025-05-10,1,0.25,card,CANCELLED
O02837,C0498,P0055,2023-03-05,2,0.1,cod,Pending
O02838,C0367,P0080,2024-07-27,1,0.15,easypaisa,returned
O02839,C0476,P0067,2024-03-05,1,0.15,Card,completed
O02840,C0197,P0052,2024-01-08,3,0.05,COD,Completed
O02841,C0191,P0012,2025-12-20,4,0.3,cash,Pending
O02842,C0277,P0065,2023-11-03,1,0.05,EASYPAISA,Returned
O02843,C0421,P0044,2024-10-01,1,0.2,bank transfer,completed
O02844,C0478,P0054,2023-11-09,1,0.15,COD,cancelled
O02845,C0113,P0084,2025-08-28,1,0.2,bank transfer,Completed
O02846,C0078,P0022,2024-04-11,1,0.3,bank transfer,completed
O02847,C0019,P0091,2025-05-27,1,0.1,cod,PENDING
O02848,C0029,P0086,2024-07-28,3,0.15,BANK TRANSFER,Returned
O02849,C0361,P0034,2023-05-25,2,0.15,EasyPaisa,Pending
O02850,C0161,P0041,2024-02-19,2,0.0,Bank Transfer,Completed
O02851,C0432,P9999,2024-03-06,1,0.0,JAZZCASH,completed
O02852,C0165,P0064,2023-04-29,2,0.1,Jazzcash,pending
O02853,C0086,P0052,2024-03-06,1,0.2,bank transfer,Pending
O02854,C0211,P0027,2025-12-11,1,0.05,CASH,Pending
O02855,C0205,P0011,2023-11-06,1,0.15,COD,Completed
O02856,C0093,P0015,2023-02-27,2,0.1,Cod,Completed
O02857,C0281,P0070,2023-07-24,-5,0.2,Cod,PENDING
O02858,C0434,P0084,2023-07-21,1,0.05,CASH,pending
O02859,C0004,P0052,2025-03-05,2,0.3,bank transfer,COMPLETED
O02860,C0448,P0016,2023-04-07,1,0.05,Card,Pending
O02861,C0400,P0019,2023-10-22,1,0.2,Card,cancelled
O02862,C0141,P0091,2025-11-13,2,0.3,easypaisa,RETURNED
O02863,C0312,P0059,2023-04-05,1,0.1,CASH,Pending
O02864,C0252,P0042,31-Jul-2025,1,0.15,Bank Transfer,CANCELLED
O02865,C0499,P0025,2024-11-23,1,0.15,Cash,PENDING
O02866,C0227,P0031,2023-07-27,2,0.3,Cod,Cancelled
O02867,C0052,P0042,2024-11-05,1,0.0,COD,returned
O02868,C0226,P0087,2023-03-09,1,0.25,Cash,pending
O02869,C0317,P0078,2024-03-31,1,0.25,Jazzcash,returned
O02870,C0023,P0040,2025-01-22,10,0.2,card,completed
O02871,C0498,P0010,2024-09-29,1,0.15,CASH,completed
O02872,C0386,P0020,2024-04-09,5,0.3,JAZZCASH,completed
O02873,C0102,P0052,2025-06-28,1,0.25,Easypaisa,completed
O02874,C0381,P0005,2025-06-15,3,0.15,Bank Transfer,Pending
O02875,C0276,P0007,2023-10-19,1,0.1,Cod,Returned
O02876,C0183,P0055,2025-11-15,1,0.15,,returned
O02877,C0013,P0098,2024-04-19,3,0.15,COD,PENDING
O02878,C0489,P0039,2023-02-14,1,0.05,card,Returned
O02879,C0246,P0028,2025-10-18,1,0.05,Cash,Returned
O02880,C0299,P0064,2025-01-19,1,0.05,Bank Transfer,CANCELLED
O02881,C0340,P0057,2024-04-23,1,0.15,BANK TRANSFER,cancelled
O02882,C0364,P0005,2023-10-07,2,0.0,jazzcash,Returned
O02883,C0472,,2024-09-15,2,0.3,Card,cancelled
O02884,C0090,P0039,2023-07-05,1,0.25,jazzcash,Completed
O02885,C0282,P0045,2024-06-04,1,0.2,EASYPAISA,Pending
O02886,C0013,P0060,2024-02-29,1,0.3,EasyPaisa,PENDING
O02887,C0364,P0033,2025-03-07,1,0.0,JAZZCASH,Returned
O02888,C0279,P0037,2023-06-18,4,0.15,JAZZCASH,completed
O02889,C0218,P0009,2025-06-24,1,0.0,card,Cancelled
O02890,C0040,P0066,2023-07-12,1,0.2,CASH,returned
O02891,C0457,P0013,2024-04-11,2,0.1,Jazzcash,Pending
O02892,C0198,P0090,2023-04-30,2,0.1,bank transfer,cancelled
O02893,C0356,P0063,2025-07-10,1,0.25,Card,Cancelled
O02894,C0275,P0052,2024-08-14,2,0.05,card,Completed
O02895,C0416,P0020,2025-05-19,5,0.25,Jazzcash,completed
O02896,C0295,P0093,2025-02-26,2,0.05,Cash,cancelled
O02897,C0213,P0049,2025-07-15,1,0.2,cod,Pending
O02898,C0213,P0053,2025-06-10,5,0.0,card,Returned
O02899,C0383,P0051,2024-05-07,1,0.3,cash,Cancelled
O02900,C0407,P0017,2023-10-01,2,0.05,JAZZCASH,completed
O02901,C0038,P0027,2025-06-15,5,0.2,Card,Pending
O02902,C0250,P0046,2023-02-03,1,0.3,easypaisa,Completed
O02903,C0168,P0020,2024-09-15,1,0.15,Cash,RETURNED
O02904,C0151,P0004,2023-12-03,1,0.3,jazzcash,Completed
O02905,C0235,P0039,2025-03-20,4,0.15,JAZZCASH,cancelled
O02906,C0445,P0049,2023-04-18,1,0.15,Card,Pending
O02907,C0385,P0017,02-16-2025,1,0.2,bank transfer,Returned
O02908,C0377,P0083,2025-02-20,3,0.25,Jazzcash,RETURNED
O02909,C0299,P0098,2023-11-20,2,0.15,COD,PENDING
O02910,C0193,P0034,09-Jul-2023,1,0.0,CASH,cancelled
O02911,C0475,P0071,2024-10-24,1,0.05,Cod,Returned
O02912,C0176,P0009,2024-03-02,3,0.3,jazzcash,returned
O02913,C0474,P0088,2024-06-07,-1,0.15,easypaisa,Cancelled
O02914,C0093,P0069,2024-04-13,2,0.1,easypaisa,CANCELLED
O02915,C0490,P0030,2023-05-16,1,0.1,JAZZCASH,Pending
O02916,C0375,P0095,2023-06-21,1,0.15,JAZZCASH,cancelled
O02917,C0077,P0046,2023-07-10,1,0.25,Bank Transfer,Pending
O02918,C0270,P0067,2025-08-13,2,0.1,Card,Completed
O02919,C0069,P0089,2023-01-17,1,0.2,Jazzcash,returned
O02920,C0125,P0057,2025-10-11,2,0.15,Cash,cancelled
O02921,C0027,P0090,2025-12-18,3,0.2,Cash,Completed
O02922,C0052,P0093,2025-09-10,5,0.0,JAZZCASH,Cancelled
O02923,C0299,P0011,2024-10-26,1,0.0,,CANCELLED
O02924,C0222,P0062,2025-12-31,1,0.25,CASH,COMPLETED
O02925,C0249,P0071,2023-06-08,1,0.0,Cash,Pending
O02926,C0324,P0068,2024-10-17,1,0.05,JazzCash,pending
O02927,C0430,P0007,2025-04-12,2,0.25,Cash,CANCELLED
O02928,C0443,P0055,2024-02-10,1,0.3,Cod,COMPLETED
O02929,C0191,P0034,2024-01-03,2,0.05,Cash,PENDING
O02930,C0018,P0007,2024-01-14,1,0.05,bank transfer,PENDING
O02931,C0448,P0043,2024-11-17,4,0.0,Cod,Returned
O02932,C0469,P0018,2023-12-11,1,0.0,Cash,Returned
O02933,C0404,P0020,2023-02-25,1,0.15,cash,Completed
O02934,C0162,P0010,2024-06-08,1,0.2,BANK TRANSFER,Cancelled
O02935,C0010,P0013,2025-04-02,1,0.05,CARD,Cancelled
O02936,C0066,P0018,2023-10-07,1,0.0,JAZZCASH,CANCELLED
O02937,C0445,P0076,2023-09-25,1,0.05,Cash,returned
O02938,C0194,P0018,2023-02-26,1,0.25,cod,COMPLETED
O02939,C0436,P0010,2023-08-22,2,0.1,BANK TRANSFER,RETURNED
O02940,C0108,P0029,2023-07-26,1,0.25,Card,returned
O02941,C0093,P0067,2025-02-14,5,0.0,Card,cancelled
O02942,C0125,P0094,2024-06-04,1,0.3,EASYPAISA,RETURNED
O02943,C0171,P0017,2024-03-19,1,0.2,Easypaisa,Returned
O02944,C0396,P0039,2025-06-25,1,0.0,Card,Returned
O02945,C0299,P0066,2025-05-30,1,0.1,card,Completed
O02946,C0374,P0075,2024-12-31,1,0.3,EASYPAISA,pending
O02947,C0321,P0032,2024-07-20,2,0.2,COD,returned
O02948,C0091,P0080,2025-08-24,3,0.1,EasyPaisa,COMPLETED
O02949,C0172,P0089,2023-12-30,20,0.15,jazzcash,Returned
O02950,C0289,P0009,2024-07-01,1,0.15,card,returned
O02951,C0404,P0032,2025-11-12,1,0.15,EasyPaisa,RETURNED
O02952,C0054,P0035,2025-08-26,2,0.1,card,Cancelled
O02953,C0208,P0075,2025-01-29,1,0.15,JazzCash,Pending
O02954,C0223,P0093,2024-10-12,2,0.1,Card,pending
O02955,C0066,P0098,2024-11-25,2,0.05,Jazzcash,CANCELLED
O02956,C0450,P0091,,1,0.2,card,Returned
O02957,C0053,P0044,2025-08-30,1,0.25,EASYPAISA,PENDING
O02958,C0487,P0026,2024-04-04,1,0.05,Cod,returned
O02959,C0211,,2024-11-03,1,0.15,Card,Completed
O02960,C0212,P0013,2025-03-16,2,0.05,JazzCash,Pending
O02961,C0303,P0082,2024-04-29,2,0.3,bank transfer,COMPLETED
O02962,C0213,P0013,2024-12-26,3,0.25,bank transfer,Completed
O02963,C0052,P0051,2025-11-21,2,0.25,Easypaisa,COMPLETED
O02964,C0015,P0032,2023-02-17,1,0.05,Easypaisa,Cancelled
O02965,C0195,P0008,2025-08-23,2,0.3,cash,COMPLETED
O02966,,P0069,2025-05-17,3,0.2,COD,completed
O02967,C0285,P0018,2025-03-02,2,0.2,Card,completed
O02968,C0068,P0016,2024-08-07,1,0.05,bank transfer,Returned
O02969,,P0099,2025-06-24,1,0.1,cod,Returned
O02970,C0430,P0019,2023-12-03,1,0.25,JazzCash,Returned
O02971,C0385,P0052,2024-02-25,4,0.05,Bank Transfer,Completed
O02972,C0236,P0018,2024/09/07,1,0.15,Bank Transfer,Returned
O02973,C0259,P0086,2023-06-13,20,0.0,card,Pending
O02974,C0360,P0050,2024-08-21,2,0.0,Bank Transfer,Pending
O02975,C0232,P0087,2023-02-22,1,0.2,CARD,Cancelled
O02976,C0169,P0029,2023-08-16,1,0.15,cash,Cancelled
O02977,C0180,P0099,2023-02-26,1,0.3,COD,cancelled
O02978,C0291,P0078,2024-07-11,2,0.0,Cash,cancelled
O02979,C0116,P0030,2024-07-11,5,0.05,easypaisa,Pending
O02980,C0427,P0062,2024-02-25,5,0.1,bank transfer,Completed
O02981,C0145,P0006,2024-06-27,1,0.0,Cash,Pending
O02982,C0253,P0077,2024-03-19,1,0.1,BANK TRANSFER,Completed
O02983,C0054,P0052,2023-01-22,5,0.2,cod,Completed
O02984,C0396,P0004,2023-04-08,3,0.25,card,Completed
O02985,C0078,P0068,2025-05-04,3,0.0,EasyPaisa,COMPLETED
O02986,C0383,P0010,2023-03-23,1,0.05,cash,CANCELLED
O02987,C0133,P0065,2024-11-05,1,0.1,card,completed
O02988,C0108,P0041,2024-02-09,1,0.0,Cod,Pending
O02989,C0290,P0086,2023-07-16,1,0.2,cash,cancelled
O02990,C0472,P0070,2025-02-21,1,0.1,EasyPaisa,Completed
O02991,C0438,P0090,2023-06-26,2,0.0,CARD,cancelled
O02992,C0401,P0091,2023-07-20,2,0.1,Cash,Cancelled
O02993,C0156,P0060,2023-01-09,1,0.2,bank transfer,completed
O02994,C0149,P0012,2023-09-02,1,0.2,EasyPaisa,RETURNED
O02995,C0163,P0018,2025-09-19,4,0.0,bank transfer,Cancelled
O02996,C0497,P0056,2025-09-02,3,0.1,Easypaisa,pending
O02997,C0151,P0055,2024-01-20,2,0.05,Bank Transfer,Completed
O02998,C0020,P0082,2025-10-19,1,0.0,cod,Pending
O02999,C0063,P0074,2024-08-09,1,0.25,card,Completed
O03000,C0179,P0037,2023-04-09,1,0.05,Cash,Returned
O03001,C0112,P0043,2023-04-16,1,0.25,Easypaisa,Cancelled
O03002,C0199,P0009,2025-04-12,1,0.3,Jazzcash,returned
O03003,C0086,P0042,2023-12-26,2,0.15,cod,Returned
O03004,C0458,P0010,2023-01-05,1,0.1,JazzCash,pending
O03005,C0369,P0009,2025-08-13,2,0.2,COD,Returned
O03006,C0267,P0068,2025-01-05,1,0.2,jazzcash,Cancelled
O03007,C0030,P0004,2025-01-26,1,0.25,COD,Returned
O03008,C0222,P0058,2024-12-13,4,0.15,Card,returned
O03009,C0187,P0100,2025-10-30,1,0.05,card,Pending
O03010,C0327,P0093,2023-06-26,1,0.15,EasyPaisa,Cancelled
O03011,C0390,P0084,2025-01-10,1,0.0,Jazzcash,PENDING
O03012,C0448,P0002,2025-09-02,1,0.0,Cash,RETURNED
O03013,C0440,P0084,2024-07-16,1,0.05,CASH,pending
O03014,C0261,P0083,2025-05-12,3,0.1,Cash,Pending
O03015,C0399,P0014,2023-01-11,1,0.25,EasyPaisa,Pending
O03016,C0278,P0077,2023-05-01,2,0.3,Cash,pending
O03017,C0070,P0069,2023-10-16,1,0.15,Card,Cancelled
O03018,C0257,P0093,2023-08-16,1,0.3,COD,Cancelled
O03019,C0072,P0030,2023-10-20,2,0.05,Card,cancelled
O03020,C0146,P0002,2024-07-22,1,0.3,Card,CANCELLED
O03021,C0184,P0078,2024-08-31,1,0.1,Cash,Completed
O03022,C0372,P0097,2024-07-02,1,0.3,CASH,CANCELLED
O03023,C0191,P0014,2023-08-25,4,0.1,cod,completed
O03024,C0423,P0100,2024-10-05,1,0.3,easypaisa,CANCELLED
O03025,C0085,P0099,2025-12-22,2,0.3,CASH,Pending
O03026,C0149,P0016,2025-01-06,5,0.2,CASH,PENDING
O03027,C0269,P0031,2023-03-01,1,0.2,cash,Completed
O03028,C0013,P0039,2023-07-29,2,0.3,COD,returned
O03029,C0125,P0039,2023-06-08,2,0.3,card,completed
O03030,C0477,P0084,2024-06-21,1,0.2,Easypaisa,PENDING
O03031,C0148,P0094,2023-09-21,2,5.0,Cash,CANCELLED
O03032,C0012,P0050,2024-03-30,2,0.15,BANK TRANSFER,Completed
O03033,C0345,P0030,09-Aug-2025,2,0.3,Cash,Cancelled
O03034,C0050,P0029,2025-06-29,1,0.05,COD,PENDING
O03035,C0306,P0074,2023-01-29,1,0.1,BANK TRANSFER,returned
O03036,C0491,P0045,2025-10-06,2,0.2,Bank Transfer,Returned
O03037,C0358,P0099,2023-02-12,1,0.1,CARD,COMPLETED
O03038,C0428,P0054,2025-05-30,2,0.0,Cod,returned
O03039,C0184,P0020,2025-11-30,2,0.2,EasyPaisa,Completed
O03040,C0194,P0009,2023-04-10,1,0.15,EasyPaisa,Cancelled
O03041,C0120,P0058,2024-07-13,1,0.0,Cash,Pending
O03042,C0163,P0019,2025-06-28,1,0.05,EasyPaisa,completed
O03043,C0154,P0076,2023-04-30,1,0.05,Cod,Completed
O03044,C0263,P0036,2024-02-03,1,0.15,Bank Transfer,Cancelled
O03045,C0328,P0079,2025-03-25,1,0.1,easypaisa,pending
O03046,C0441,P0024,2024-10-23,3,0.3,Cash,Returned
O03047,C0346,P0024,2024-05-07,2,0.1,card,CANCELLED
O03048,C0155,P0066,2023/01/10,2,0.1,cash,Pending
O03049,C0364,P0017,2024-09-22,1,0.1,JazzCash,Cancelled
O03050,C0483,P0051,2023-08-10,1,0.1,JAZZCASH,pending
O03051,C0145,P0075,2023-02-28,1,0.3,EasyPaisa,PENDING
O03052,C0008,P0021,2024-07-22,1,0.15,Cash,CANCELLED
O03053,C0391,P0028,2024-03-29,2,0.2,jazzcash,Returned
O03054,C0184,P0024,2024-03-31,3,0.1,COD,Cancelled
O03055,C0269,P0050,2024-04-08,1,0.0,card,Pending
O03056,C0201,P0024,2023-07-05,1,0.0,EASYPAISA,RETURNED
O03057,C0488,P0021,2023-10-12,3,0.0,JazzCash,COMPLETED
O03058,C0209,P0060,29/12/2023,4,0.1,cod,CANCELLED
O03059,C0303,P0023,2025-04-11,1,0.05,easypaisa,Completed
O03060,C0203,P0029,2023-09-16,3,0.3,cash,CANCELLED
O03061,C0063,P0030,2023-11-18,1,0.1,Bank Transfer,Returned
O03062,C0004,P0024,2023-11-06,1,0.0,Cod,Completed
O03063,C0055,P0074,2024-05-05,2,0.05,JazzCash,Cancelled
O03064,C0251,P0078,2025-09-24,1,0.0,Cash,COMPLETED
O03065,C0331,P0003,2024-01-12,2,0.25,JAZZCASH,PENDING
O03066,C0051,P0049,2023-10-27,1,0.1,easypaisa,returned
O03067,C0359,P0064,2023-05-12,1,0.1,jazzcash,Returned
O03068,C0002,P0094,2025-07-09,2,0.2,CARD,CANCELLED
O03069,C0001,P0037,2024-12-05,2,0.05,Card,CANCELLED
O03070,C0043,P0050,2025-08-17,1,0.3,bank transfer,Completed
O03071,C0146,P0043,2025-02-10,1,0.25,jazzcash,CANCELLED
O03072,C0228,P0002,2023-08-31,2,0.3,JAZZCASH,Cancelled
O03073,C0347,P0079,2023-08-02,4,0.25,easypaisa,PENDING
O03074,C0220,P0054,2025-05-26,1,0.1,Card,PENDING
O03075,C0332,P0098,2025-05-06,1,0.0,Bank Transfer,Cancelled
O03076,C0284,P0012,2024-10-19,1,0.0,easypaisa,Completed
O03077,C0409,P0093,2023/05/03,1,0.05,CASH,COMPLETED
O03078,C0201,P0062,2025-06-23,1,0.25,easypaisa,Pending
O03079,C0105,P0043,2024-05-18,1,0.05,COD,pending
O03080,C0064,P0070,2024-12-29,2,0.0,card,Pending
O03081,C0420,P0082,2025-11-24,2,0.25,Bank Transfer,Returned
O03082,C0213,P0029,2025-10-16,1,0.1,card,Returned
O03083,C0099,P0003,2023-03-24,1,0.25,Card,Pending
O03084,C0426,P0044,18-May-2024,2,0.2,Bank Transfer,CANCELLED
O03085,C0448,P0032,2023-05-30,1,0.1,Easypaisa,returned
O03086,C0307,P0085,2025-10-25,3,0.15,Bank Transfer,Cancelled
O03087,C0065,P0062,2024-06-12,1,0.25,BANK TRANSFER,Cancelled
O03088,C0411,P0088,2025-10-14,1,0.2,CASH,Returned
O03089,C0459,P0027,2025-12-08,1,0.0,cash,returned
O03090,C0342,P0004,2025-03-05,3,0.05,cod,PENDING
O03091,C0202,P0038,2024-01-12,1,0.3,card,Returned
O03092,C0033,P0019,2025-09-26,1,0.1,Jazzcash,RETURNED
O03093,C0113,P0032,2025-09-28,5,0.1,Cod,Pending
O03094,C0161,P0097,2025-03-01,2,0.15,JazzCash,PENDING
O03095,C0262,P0038,2025-05-22,1,0.1,Bank Transfer,Returned
O03096,C0363,P0048,2023-09-04,1,0.15,COD,Cancelled
O03097,C0162,P0001,2025-04-26,2,0.2,Easypaisa,Returned
O03098,C0197,P0069,2024-11-14,3,0.05,Cod,Completed
O03099,C0444,P0054,2023-09-16,2,0.15,COD,Pending
O03100,C0092,P0077,2024-04-18,2,0.25,Cash,PENDING
O03101,C0300,P0100,2024/03/17,1,0.1,Card,COMPLETED
O03102,C0068,P0074,2023-08-14,1,0.3,Cod,Returned
O03103,C0462,P0001,2024-01-17,1,0.05,Jazzcash,PENDING
O03104,C0237,P0071,2023-01-13,1,0.1,easypaisa,PENDING
O03105,C0440,P0018,2025-02-04,1,0.2,JazzCash,COMPLETED
O03106,C0235,P0004,2024-02-21,1,0.2,bank transfer,Cancelled
O03107,C0048,P0038,2025-07-16,-5,0.3,CARD,Cancelled
O03108,C0099,P0057,2023-11-16,2,0.2,COD,Returned
O03109,C0163,P0009,,1,0.3,COD,Pending
O03110,C0007,P0051,2024-02-08,1,0.05,cod,CANCELLED
O03111,C0435,P0067,2025-05-23,1,0.0,Cash,Cancelled
O03112,C0453,P0020,2023-02-25,3,0.3,CASH,Returned
O03113,C0258,P0035,2023-09-17,1,0.1,bank transfer,CANCELLED
O03114,C0105,P0097,2024-03-11,1,0.15,Cod,Pending
O03115,C0012,P0066,2023-12-07,4,0.25,Bank Transfer,PENDING
O03116,C0256,P0093,2023-06-25,2,0.15,cash,RETURNED
O03117,C0328,P0087,2024-06-02,2,0.1,EasyPaisa,CANCELLED
O03118,C0013,P0072,2025-01-28,4,0.1,bank transfer,Completed
O03119,C0059,P0025,2023-10-26,1,0.1,cash,Cancelled
O03120,C0192,P0007,2023-01-02,1,0.1,JazzCash,pending
O03121,C0057,P0061,2024-12-07,2,0.2,COD,COMPLETED
O03122,C0277,P0007,2024-03-19,5,0.25,Bank Transfer,Completed
O03123,C0147,P0033,2023-05-20,1,0.0,Jazzcash,CANCELLED
O03124,C0033,P0045,2025-04-10,1,0.2,JAZZCASH,completed
O03125,C0352,P0028,2024-11-07,1,0.25,cod,COMPLETED
O03126,C0141,P0066,2024-03-20,1,0.15,JazzCash,Returned
O03127,C0259,P0007,2024-02-08,1,0.25,CASH,Completed
O03128,C0473,P0052,2025-11-23,4,0.15,JazzCash,PENDING
O03129,C0057,P0063,2025-07-12,1,0.0,CASH,completed
O03130,C0080,P0060,2023-07-30,1,0.2,bank transfer,CANCELLED
O03131,C0248,P0090,2023-07-30,1,0.0,JazzCash,Pending
O03132,C0218,P0067,2025-05-15,1,0.2,BANK TRANSFER,Pending
O03133,C0424,P0050,2025-06-17,1,0.25,COD,cancelled
O03134,C0340,P0026,2023-11-24,1,0.15,Cash,RETURNED
O03135,C0443,P0004,2024-11-12,5,0.2,CARD,Returned
O03136,C0098,P0033,2024-12-31,2,0.0,Bank Transfer,Returned
O03137,C0217,P0042,,2,0.2,Jazzcash,Cancelled
O03138,C0187,P0031,2024-05-21,2,0.2,BANK TRANSFER,Cancelled
O03139,C9999,P0021,2025-03-05,1,0.05,CASH,pending
O03140,C0464,P0100,2025-09-14,1,0.0,Cash,Returned
O03141,C0277,P0035,2025-05-21,1,0.15,BANK TRANSFER,Cancelled
O03142,C0003,P0100,2024-02-19,1,0.3,BANK TRANSFER,RETURNED
O03143,C0105,P0021,2025-08-04,1,0.3,easypaisa,Pending
O03144,C0304,P0072,2024-03-30,1,0.0,COD,Returned
O03145,C0416,P0095,2023-05-06,1,0.05,Bank Transfer,Returned
O03146,C0484,P0039,2025-05-23,1,0.05,Cash,pending
O03147,C0419,P0025,2023-01-16,1,0.2,Easypaisa,Cancelled
O03148,C0454,P0093,2023-01-17,2,0.3,Card,Cancelled
O03149,C0487,P0062,08-31-2025,1,0.25,cash,COMPLETED
O03150,C0450,P0098,2025-10-23,1,0.1,Card,pending
O03151,C0335,P0065,2025-03-09,1,0.3,BANK TRANSFER,COMPLETED
O03152,C0005,P0057,2023-06-19,1,0.0,Card,Returned
O03153,C9999,P0025,2024-08-27,2,0.15,Card,Completed
O03154,C0179,P0095,2025-09-17,3,0.25,Cod,PENDING
O03155,C0241,P0013,2025-05-24,4,0.25,Bank Transfer,PENDING
O03156,C0056,P0049,2025-01-17,2,0.15,JazzCash,Pending
O03157,C0207,P0099,2025-07-21,1,0.0,bank transfer,PENDING
O03158,C0269,P0031,2024-02-03,1,0.1,Cash,completed
O03159,C0315,P0092,2025-01-20,1,0.3,Jazzcash,Cancelled
O03160,C0346,P0049,2025-01-16,1,0.15,Bank Transfer,CANCELLED
O03161,C0491,P0089,2024-01-09,1,0.0,BANK TRANSFER,Completed
O03162,C0390,P0034,2024-05-14,10,0.25,CASH,Pending
O03163,C0011,P0047,2024-08-05,1,0.05,EasyPaisa,Completed
O03164,C0391,P0015,2024-11-16,1,0.25,BANK TRANSFER,Completed
O03165,C0043,P0043,2023-03-18,2,0.0,cash,COMPLETED
O03166,C0204,P0091,2023-11-07,1,0.0,BANK TRANSFER,Completed
O03167,C0069,P0052,2024-12-15,2,0.25,CARD,Returned
O03168,C0433,P0060,2024-11-19,2,0.3,Bank Transfer,CANCELLED
O03169,C0113,P0041,2024-08-14,1,0.25,Card,Returned
O03170,C0252,P0012,2024-01-18,1,0.2,Easypaisa,Pending
O03171,C0292,P0012,2024-05-31,1,0.25,bank transfer,Pending
O03172,C0325,P0050,2024-08-03,2,0.05,Card,completed
O03173,C0449,P0027,2023-07-07,4,0.15,cod,Cancelled
O03174,C0419,P0085,2025-04-14,1,0.05,Bank Transfer,Cancelled
O03175,C0159,P0051,2024-11-13,1,0.2,Card,pending
O03176,C0343,P0017,2024-08-17,1,0.3,cash,cancelled
O03177,C0011,P0070,2025-03-12,2,0.0,jazzcash,pending
O03178,C0405,P0003,2024-10-16,1,0.0,bank transfer,Returned
O03179,C0144,P0027,2023-10-21,1,0.0,EasyPaisa,Cancelled
O03180,C0374,P0008,2024-02-10,10,0.1,EasyPaisa,Cancelled
O03181,C0196,P0077,2024-02-16,3,0.0,cash,Completed
O03182,C0370,P0005,2023-04-18,1,0.2,bank transfer,Cancelled
O03183,C0034,P0071,2025-06-27,1,0.25,Cash,returned
O03184,C0438,P0069,2023-04-02,1,0.25,CARD,RETURNED
O03185,C0358,P0036,2023-05-13,1,0.2,Card,COMPLETED
O03186,,P0095,2024-04-16,1,0.1,COD,Cancelled
O03187,C0325,P0057,2025-05-04,1,0.05,easypaisa,Pending
O03188,C0088,P0069,2023-02-20,1,0.3,Cash,Cancelled
O03189,C0071,P0087,2025-05-28,1,0.1,bank transfer,RETURNED
O03190,C0400,P0059,2024-06-09,2,0.3,CASH,RETURNED
O03191,C0467,P0092,2024-03-27,1,0.3,Cash,COMPLETED
O03192,C0179,P0088,2024-03-10,2,0.25,Card,Completed
O03193,C0442,P0079,2025-06-05,1,0.05,bank transfer,Pending
O03194,C0317,P0065,2024-08-17,5,0.0,Bank Transfer,COMPLETED
O03195,C0383,P0040,2023-10-14,2,0.2,Card,PENDING
O03196,C0209,P0094,2024-12-30,2,0.3,COD,completed
O03197,C0208,P0063,2025-05-24,1,0.3,Cash,PENDING
O03198,C0246,P0051,2023-09-14,2,0.2,CARD,PENDING
O03199,C0475,P0031,2025-06-04,1,0.25,COD,Returned
O03200,C0013,P0012,2025-03-23,3,0.3,cod,cancelled
O03201,C0236,P0052,2023-12-19,2,0.05,EASYPAISA,pending
O03202,C0223,P0057,2025-11-20,3,0.2,Cash,Cancelled
O03203,C0230,P0083,2025-03-24,1,0.15,Jazzcash,Cancelled
O03204,C0096,P0071,2023-01-02,1,0.2,BANK TRANSFER,cancelled
O03205,C0414,P0041,2023-08-06,1,0.1,Bank Transfer,Pending
O03206,C0246,P0060,2023-11-08,1,0.2,EasyPaisa,pending
O03207,C0152,P0004,2024-01-20,4,0.1,Cod,COMPLETED
O03208,C0163,P0004,2023-05-29,4,0.1,CASH,PENDING
O03209,C0056,P0100,2025-03-04,1,0.2,Bank Transfer,Cancelled
O03210,C0293,P0009,2023-10-12,2,0.3,JazzCash,pending
O03211,C0180,P0012,2025-12-30,1,0.0,COD,Completed
O03212,C0431,P0040,2025-12-12,1,0.0,Cod,RETURNED
O03213,C0397,P0006,01-09-2023,2,0.05,JazzCash,Returned
O03214,C0305,P0091,2024-01-06,1,0.15,Bank Transfer,PENDING
O03215,C0179,P0082,2025-08-06,20,0.25,CARD,COMPLETED
O03216,C0397,P0019,2024-02-06,1,0.0,COD,CANCELLED
O03217,C0175,P0082,2023-01-28,1,0.2,Easypaisa,Completed
O03218,C0253,P0036,2023-12-17,2,0.0,Easypaisa,Returned
O03219,C0077,P0024,2023-11-28,1,0.05,Easypaisa,CANCELLED
O03220,C0421,P0016,2023-02-02,1,0.0,cash,Pending
O03221,C0328,P0026,2023-02-10,4,0.3,JazzCash,CANCELLED
O03222,C0464,P0050,2025-05-17,1,0.25,bank transfer,PENDING
O03223,C0187,P0031,2025-08-19,4,0.25,COD,Returned
O03224,C0013,P0090,2024-10-30,1,0.5,COD,completed
O03225,C0414,P0083,2024-07-21,1,0.25,Bank Transfer,returned
O03226,C0462,P0053,2025-10-12,1,0.25,EasyPaisa,PENDING
O03227,C0404,P0027,2025-01-11,2,0.1,JAZZCASH,Cancelled
O03228,C0131,P0043,2023-05-15,1,0.25,EASYPAISA,Pending
O03229,C0182,P0066,2024-02-11,2,0.3,JazzCash,Cancelled
O03230,C0403,P0038,2024-04-13,2,0.1,cod,pending
O03231,C0323,P0021,2025-05-02,3,0.05,EasyPaisa,Pending
O03232,C0425,P0039,2025-11-26,1,0.05,Cash,Pending
O03233,C0243,P0047,2025-12-10,1,0.2,Bank Transfer,Returned
O03234,C0125,P0021,2025-04-16,2,0.2,Bank Transfer,Cancelled
O03235,C0337,P0084,30-May-2024,1,0.3,COD,PENDING
O03236,C0306,P0089,2024-11-21,3,0.0,JAZZCASH,Completed
O03237,C0391,P0093,2024-09-17,1,0.0,Jazzcash,completed
O03238,C0306,P9999,2025-12-25,1,0.15,Card,Completed
O03239,C0027,P0059,2024-02-08,1,0.3,Bank Transfer,Cancelled
O03240,C0291,P0006,2025-08-15,1,0.25,Easypaisa,CANCELLED
O03241,C0433,P0076,2024-10-06,1,0.3,Jazzcash,completed
O03242,C0124,P0072,2023-02-28,1,0.05,Jazzcash,RETURNED
O03243,C0057,P0046,2023-03-20,2,0.25,COD,completed
O03244,C0154,P0044,2023-02-17,2,0.2,CASH,RETURNED
O03245,C0108,P0044,2024-04-09,3,0.05,easypaisa,Returned
O03246,C0396,P0088,2024-04-21,3,0.3,EASYPAISA,Returned
O03247,C0097,P0011,2023-07-25,1,0.05,Cod,Returned
O03248,C0295,P0004,2024-07-16,20,0.05,EasyPaisa,Returned
O03249,C0095,P0059,2024-06-25,1,0.15,COD,Pending
O03250,C0464,P0024,2024-12-05,1,0.0,Bank Transfer,returned
O03251,C0254,P0029,2025-12-18,1,0.25,COD,Returned
O03252,C0179,P0038,2024-12-01,5,0.1,cod,PENDING
O03253,C0021,P0078,2023-06-15,2,0.1,Cash,Completed
O03254,C0245,P0086,2024-09-15,1,0.1,Jazzcash,Cancelled
O03255,C0353,P0059,2023-03-06,4,0.15,Card,Pending
O03256,C0096,P0070,2023-08-09,1,0.05,CARD,Pending
O03257,C0129,P0050,2023-07-15,20,0.05,CASH,Returned
O03258,C0426,P0061,2025-02-06,5,0.25,COD,Cancelled
O03259,C0390,P0055,2024-06-11,3,0.05,Easypaisa,Completed
O03260,C0264,P0033,2025-12-12,1,0.3,Cod,Pending
O03261,C0201,P0021,2023-01-29,2,0.0,EasyPaisa,Cancelled
O03262,C0043,P0078,2025-06-02,1,0.3,card,returned
O03263,C0487,P0010,2025-06-11,2,0.0,jazzcash,RETURNED
O03264,C0017,P0092,2024-11-06,2,0.3,bank transfer,cancelled
O03265,C0470,P0017,2025-05-07,1,0.25,Cash,Cancelled
O03266,C0488,P0098,2024-03-16,1,0.05,BANK TRANSFER,COMPLETED
O03267,C0158,P0065,2024-12-05,3,0.0,COD,returned
O03268,C0333,P0020,2023-04-28,1,0.2,card,PENDING
O03269,C0153,P0047,2023-04-05,3,0.05,BANK TRANSFER,cancelled
O03270,C0403,P0093,2024-05-01,1,0.1,Card,Pending
O03271,C0186,P0099,2025-01-29,1,0.15,card,Completed
O03272,C0057,P0092,2024-11-09,1,0.0,Cod,Returned
O03273,C0322,P0034,2024-02-02,3,0.2,Cod,Cancelled
O03274,C0332,P0039,2024-05-24,1,0.2,jazzcash,Cancelled
O03275,C0469,,2023-03-20,2,0.3,CARD,PENDING
O03276,C0248,P0016,2023-08-08,1,0.15,card,Completed
O03277,C0486,P0087,2025-08-15,2,0.15,jazzcash,Completed
O03278,C0466,P0058,2024-03-13,3,0.2,Cash,PENDING
O03279,C0073,P0088,2023-06-20,2,0.25,BANK TRANSFER,Pending
O03280,C0118,P0080,2023-11-15,1,0.2,bank transfer,Cancelled
O03281,C0204,P0073,2023-06-04,2,0.15,CARD,PENDING
O03282,C0223,P0100,2025-09-18,1,0.0,Jazzcash,Cancelled
O03283,C0290,P0066,2025-07-13,1,0.15,cod,returned
O03284,C0178,P0077,2023-06-15,1,0.05,CASH,Returned
O03285,C0141,P0041,2023-04-15,1,0.05,Cash,Cancelled
O03286,C0398,P0083,2025-02-11,2,0.2,card,Pending
O03287,C0285,P0079,2023-03-12,3,0.25,Jazzcash,RETURNED
O03288,C0451,P0008,2023-12-15,2,0.2,easypaisa,PENDING
O03289,C0390,P0051,2023-04-07,1,0.3,cash,Returned
O03290,C0005,P0078,2024-02-26,1,0.25,cod,Pending
O03291,C0348,P0045,2024-09-01,2,0.2,COD,Cancelled
O03292,C0123,P0055,2025-10-31,1,0.0,Card,Cancelled
O03293,C0229,P0023,2023-05-27,1,0.3,JazzCash,COMPLETED
O03294,C0125,P0032,2024-07-29,1,0.0,bank transfer,Returned
O03295,C0082,P0020,2023-01-06,1,0.2,COD,CANCELLED
O03296,C0186,P0031,2023-12-22,1,0.2,COD,Cancelled
O03297,C0351,P0094,07-Jun-2023,3,0.25,easypaisa,Completed
O03298,C0371,P0100,2025-04-21,1,0.3,Cash,Cancelled
O03299,C0276,P0073,2023-06-26,2,0.25,Easypaisa,cancelled
O03300,C0378,P0049,2023-01-26,1,0.2,bank transfer,RETURNED
O03301,C0332,P0063,2025-05-27,1,0.0,CASH,Completed
O03302,C0182,P0017,2023-06-15,1,0.25,Cash,Completed
O03303,C0495,P0061,2023-01-19,1,0.15,CARD,RETURNED
O03304,C0288,P0047,2023-02-26,2,0.25,BANK TRANSFER,RETURNED
O03305,C0054,P0024,2024-03-19,1,0.2,JAZZCASH,COMPLETED
O03306,C0392,P0015,2023-06-14,2,0.3,cod,RETURNED
O03307,C0186,P0034,2025-01-14,1,0.15,Card,PENDING
O03308,C0177,P0044,2025-03-08,3,0.2,card,Pending
O03309,C0220,P0064,2023-06-10,1,0.15,cod,COMPLETED
O03310,C0353,P0097,2025-10-23,1,0.3,CARD,Pending
O03311,C0124,P0075,2024-12-26,1,0.05,Cod,PENDING
O03312,C0392,P0049,2025-06-21,1,0.0,JAZZCASH,returned
O03313,C0254,P0027,2025-07-28,1,0.2,bank transfer,PENDING
O03314,C0383,P0037,2023-04-06,1,0.05,card,Returned
O03315,C0342,P0049,2023-05-21,1,0.3,EasyPaisa,pending
O03316,C0091,P0064,2025-05-18,1,0.05,Cash,Returned
O03317,C0488,P0088,2023-08-15,1,0.15,Easypaisa,COMPLETED
O03318,C0351,P0039,2023-12-23,2,0.0,Jazzcash,CANCELLED
O03319,C0152,P0066,2024-04-09,1,0.15,bank transfer,PENDING
O03320,C0107,P0054,2024-06-20,1,0.3,jazzcash,PENDING
O03321,C0161,P0049,2025-03-04,2,0.15,Cash,CANCELLED
O03322,C0194,P0071,2024-04-18,1,0.1,bank transfer,CANCELLED
O03323,C0250,P0088,2024-04-11,1,0.05,COD,Completed
O03324,C0392,P0045,2024-01-06,2,0.05,cod,Completed
O03325,C0339,P0083,2023-12-10,1,0.0,easypaisa,Returned
O03326,C0307,P0029,2024-07-27,1,0.1,CASH,pending
O03327,C0381,P0088,2023-10-25,2,0.0,Bank Transfer,pending
O03328,C0088,P0017,2025-11-17,1,0.15,Cash,CANCELLED
O03329,C0011,P0012,2023-08-22,1,0.2,easypaisa,COMPLETED
O03330,C0435,P0062,2024-11-16,2,0.2,Bank Transfer,returned
O03331,C0427,P0074,2025-09-04,3,0.2,Bank Transfer,Pending
O03332,C0320,P0077,2023-04-27,1,0.3,Card,COMPLETED
O03333,C0252,P0016,2023-08-15,1,0.3,Easypaisa,Returned
O03334,C0214,P0046,2025-11-24,2,0.2,bank transfer,COMPLETED
O03335,C0482,P0002,2025-06-05,1,0.05,cod,returned
O03336,C0209,P0032,2023-07-13,20,0.05,CASH,Cancelled
O03337,C0306,P0060,2025-01-20,3,0.15,Card,Pending
O03338,C0053,P0054,2024-09-16,2,0.05,EasyPaisa,completed
O03339,C0046,P0074,2024-03-08,1,0.25,COD,Completed
O03340,C0201,P0068,2023-12-08,2,0.0,card,Completed
O03341,C0256,P0010,2025-05-22,20,0.1,Card,cancelled
O03342,C0059,P0050,2024-03-30,3,0.25,CARD,pending
O03343,C0472,P0016,2024-05-10,1,0.2,Bank Transfer,Returned
O03344,C0138,P0075,17/03/2023,2,0.0,jazzcash,Completed
O03345,C0125,P0061,2023-12-01,2,0.25,JAZZCASH,RETURNED
O03346,C0265,P0100,2024-11-12,1,0.1,COD,Pending
O03347,C0463,P0031,2023-09-11,1,0.3,jazzcash,Cancelled
O03348,C0310,P0081,2023-11-12,1,0.1,Jazzcash,COMPLETED
O03349,C0225,P0035,2023-05-23,3,0.25,cod,cancelled
O03350,C0166,P0072,2023-05-17,2,0.3,Jazzcash,Pending
O03351,C0445,P0054,2024-01-03,4,0.0,cod,Cancelled
O03352,C0362,P0025,2025-04-11,3,0.0,Cod,Pending
O03353,C0120,P0074,2024-06-18,1,0.0,card,returned
O03354,C0163,P0030,2023-07-12,1,0.05,cash,Cancelled
O03355,C0005,P0099,2025-08-21,2,0.2,cod,Returned
O03356,C0397,P0080,2023-04-05,2,0.15,COD,Returned
O03357,C0186,P0075,2025-08-09,1,0.1,Cod,completed
O03358,C0288,P0096,2023-12-27,2,0.15,EasyPaisa,Cancelled
O03359,C0169,P0084,2023-07-10,1,0.2,CASH,Completed
O03360,C0450,P0027,2024-03-17,-5,0.15,CARD,PENDING
O03361,C0232,P0004,2025-09-06,2,0.0,EASYPAISA,CANCELLED
O03362,C0362,P0038,2023-01-23,2,0.05,JAZZCASH,cancelled
O03363,C0334,P0022,2023-12-16,2,0.1,CASH,CANCELLED
O03364,C0416,P0008,2025-04-23,2,0.05,Card,cancelled
O03365,C0223,P0041,2024-09-23,4,0.0,BANK TRANSFER,COMPLETED
O03366,C0333,P0040,2024-08-17,1,0.1,bank transfer,Returned
O03367,C0080,P0086,2023-03-05,1,0.1,CARD,Returned
O03368,C0004,P0090,2024-09-22,1,0.1,COD,Completed
O03369,C0061,P0086,2025-11-20,1,0.0,jazzcash,Pending
O03370,C0141,P0002,2024-08-06,1,0.15,JazzCash,Cancelled
O03371,C0318,P0070,2023-05-14,3,0.15,Cash,Returned
O03372,C0160,P0082,2023-10-02,1,0.1,Cash,COMPLETED
O03373,C0261,P0023,2025-02-28,3,0.25,Cash,completed
O03374,C0330,P0026,2024-10-13,1,0.2,JAZZCASH,Cancelled
O03375,C0384,P0074,2023-12-26,1,0.05,CARD,Pending
O03376,C0196,P0092,2025-02-20,1,0.25,EASYPAISA,Cancelled
O03377,C0397,P0022,2024-12-11,1,0.2,EASYPAISA,COMPLETED
O03378,C0292,P0033,2023-07-10,3,0.25,BANK TRANSFER,cancelled
O03379,C0312,P0087,2023-02-03,3,0.3,Card,RETURNED
O03380,C0065,P0036,2023-11-01,1,0.15,EASYPAISA,Cancelled
O03381,C0263,P0096,2024-01-20,1,0.05,card,Returned
O03382,C0346,P0067,2024-04-16,5,0.1,Card,Pending
O03383,C0190,P0014,2025-12-14,1,0.2,JAZZCASH,COMPLETED
O03384,C0260,P0056,2025-01-11,3,0.05,jazzcash,Cancelled
O03385,C0373,P0072,2023-12-28,1,0.2,CARD,Returned
O03386,C0176,P0003,2025-07-10,1,0.1,Cash,Returned
O03387,C0084,P0098,2025-12-07,3,0.1,bank transfer,returned
O03388,C0451,P0062,2023-01-17,1,0.15,Bank Transfer,Pending
O03389,C0146,P0042,2024-03-05,1,0.0,EASYPAISA,PENDING
O03390,C0169,P0006,2024-06-13,1,0.3,Bank Transfer,Cancelled
O03391,C0003,P0005,2024-11-27,1,0.2,bank transfer,Pending
O03392,C0109,P0036,06-Aug-2024,2,0.2,COD,pending
O03393,C0342,P0049,2025-11-23,5,0.15,EasyPaisa,RETURNED
O03394,C0234,P0003,2025/04/16,2,0.15,Cod,completed
O03395,C0447,P0056,2023-04-16,1,0.1,BANK TRANSFER,PENDING
O03396,C0465,P0011,2023-06-15,1,0.3,Card,Returned
O03397,C0408,P0092,2025-07-06,1,0.15,easypaisa,Returned
O03398,C0215,P0056,2024-10-29,1,0.1,CASH,Pending
O03399,C0484,P0003,2023-07-16,1,0.25,Jazzcash,Returned
O03400,C0289,P0093,2024-01-06,1,0.25,CARD,RETURNED
O03401,C0313,P0082,2025-06-09,2,0.1,cash,Returned
O03402,C0166,P0098,2023-02-04,2,0.3,Easypaisa,Pending
O03403,C0439,P0091,2024-04-14,1,0.1,cash,Cancelled
O03404,C0423,P0092,2024-06-25,4,0.3,BANK TRANSFER,Pending
O03405,C0037,P0061,2023-12-10,3,0.3,Easypaisa,completed
O03406,C0154,P0005,2023-09-24,1,0.3,cod,cancelled
O03407,C0276,P0042,2025-10-01,1,0.05,EASYPAISA,Returned
O03408,C0264,P0010,2025-04-22,2,0.05,bank transfer,Returned
O03409,C0294,P0032,2025-04-13,3,0.3,Cash,Pending
O03410,C0101,P0042,2025-11-14,1,0.0,COD,Completed
O03411,C0012,P0099,2023-06-12,3,0.05,EasyPaisa,Pending
O03412,C0308,P0043,2023-06-22,5,0.2,COD,cancelled
O03413,C0001,P0098,2024-08-25,2,0.2,jazzcash,cancelled
O03414,C0465,P0091,2025-09-29,1,0.2,EasyPaisa,PENDING
O03415,C0025,P0028,2025-03-04,1,0.05,Cash,Cancelled
O03416,C0383,P0055,2024-03-17,1,0.25,Jazzcash,cancelled
O03417,C0322,P0077,2024-06-12,1,0.3,BANK TRANSFER,pending
O03418,C0383,P0095,2024-05-15,1,0.2,Cash,Cancelled
O03419,C0101,P0029,2025-01-29,1,0.15,CASH,PENDING
O03420,C0366,P0096,2023-04-08,1,0.05,CASH,pending
O03421,C0155,P0036,2025-01-01,1,0.15,Card,pending
O03422,C0456,P0018,2025-03-05,1,0.15,easypaisa,Returned
O03423,C0357,P0006,2025-11-09,2,0.2,BANK TRANSFER,pending
O03424,C0417,P0064,2024-06-26,2,0.3,Jazzcash,RETURNED
O03425,C0351,P0037,2024-05-05,4,0.3,bank transfer,RETURNED
O03426,C0071,P0076,2024-12-26,3,0.15,cod,Pending
O03427,C0404,P0033,2023-02-26,5,0.3,Card,Pending
O03428,C0200,P0060,2025-05-09,2,0.1,CASH,Returned
O03429,C0447,P0020,2023-02-16,5,0.15,Easypaisa,Pending
O03430,C0182,P0011,2024-09-23,2,0.1,card,RETURNED
O03431,C0046,P0010,2024-10-11,2,0.3,CARD,Cancelled
O03432,C0031,P0080,2023-04-30,2,0.25,COD,Completed
O03433,C0293,P0036,2023-03-10,2,0.1,easypaisa,returned
O03434,C0372,P0065,2023-11-04,1,0.1,COD,RETURNED
O03435,C0176,P0032,12-11-2025,10,0.3,JazzCash,Pending
O03436,C0188,,2024-12-01,5,0.05,COD,CANCELLED
O03437,C0483,P0053,2025-05-30,10,0.25,cod,Completed
O03438,C0442,P0005,2024-06-16,1,0.3,BANK TRANSFER,completed
O03439,C0036,P0008,2024-05-17,3,0.2,Cod,Returned
O03440,C0423,P0054,2023-06-09,1,0.25,BANK TRANSFER,Pending
O03441,C0427,P0041,2023-06-14,1,0.0,cod,returned
O03442,C0258,P0028,2025-07-06,2,0.1,Easypaisa,Pending
O03443,C0040,P0040,2024-09-19,1,0.15,Cash,Pending
O03444,C0262,P0063,2023-01-01,1,0.15,cod,PENDING
O03445,C0205,P0086,2025-02-24,1,0.05,COD,Completed
O03446,C0380,P0048,2023-09-30,1,0.1,bank transfer,RETURNED
O03447,C0009,P0068,2023-05-19,1,0.05,COD,CANCELLED
O03448,C0355,P0030,2023-01-08,2,0.2,COD,Cancelled
O03449,C0255,P0055,2024-08-08,3,0.1,JAZZCASH,Pending
O03450,C0349,P0031,2025-12-31,1,0.05,Cash,returned
O03451,C0029,P0046,2023-05-18,1,0.0,Bank Transfer,Pending
O03452,C0193,P0005,2024-09-23,1,0.15,Card,cancelled
O03453,C0283,P0076,2023-07-04,1,0.25,Cod,returned
O03454,C0086,P0034,2025-07-21,1,0.1,Card,Completed
O03455,C0097,P0042,2024-06-21,1,0.0,COD,CANCELLED
O03456,C0470,P0093,2024-04-07,2,0.15,,Cancelled
O03457,C0430,P0046,2023-06-18,1,0.25,Cod,Pending
O03458,C0212,P0040,2025-10-14,1,0.0,Card,Completed
O03459,C0497,P0027,2025-01-20,1,0.25,card,COMPLETED
O03460,C0073,P0046,2025-11-18,1,0.1,Easypaisa,returned
O03461,C0274,P0011,2024-12-16,1,0.2,BANK TRANSFER,returned
O03462,C0327,P0022,2023-09-01,1,0.2,JazzCash,RETURNED
O03463,C0449,P0080,2023-04-29,3,0.2,jazzcash,completed
O03464,C0470,P0022,2025-02-07,1,0.3,Bank Transfer,completed
O03465,C0193,P0059,2024-12-07,2,0.05,Card,Cancelled
O03466,C0483,P0013,,1,0.3,Bank Transfer,COMPLETED
O03467,C0281,P0092,2023-03-26,2,0.05,Bank Transfer,COMPLETED
O03468,C0420,P0034,2025-02-27,1,0.05,COD,cancelled
O03469,C0160,P0021,2023-07-30,2,0.1,Bank Transfer,PENDING
O03470,C0382,P0031,2023-04-17,3,0.25,Cash,Cancelled
O03471,C0033,P0066,2024-10-05,0,0.05,JazzCash,completed
O03472,C0045,P0038,2025-04-02,1,0.05,CASH,Returned
O03473,C0452,P0083,2024-12-30,1,0.3,Cash,Completed
O03474,C0165,P0029,2023-03-21,1,0.3,JazzCash,returned
O03475,C0006,P0058,2025-06-22,1,0.25,,COMPLETED
O03476,C0458,P0007,2025-04-14,1,0.2,JazzCash,RETURNED
O03477,C0164,P0059,2025-04-13,2,0.25,EasyPaisa,Cancelled
O03478,C0384,P0040,2024-10-28,10,0.1,Cash,cancelled
O03479,C0306,P0076,2023-07-21,1,0.2,bank transfer,Returned
O03480,C0175,P0020,2023-04-23,1,0.25,CASH,completed
O03481,C0012,P0054,2023-08-03,4,0.25,EasyPaisa,Pending
O03482,C0354,P0079,2023-07-11,1,0.3,cod,Cancelled
O03483,C0082,P0086,2024-05-27,1,0.25,cash,pending
O03484,C0275,P0019,2025-05-04,3,0.05,Card,Completed
O03485,C0325,P0064,2024-12-29,4,0.15,Card,Pending
O03486,C0428,P0080,2025-02-20,5,0.0,Bank Transfer,cancelled
O03487,C0324,P0035,2025-10-13,2,0.25,Cash,Completed
O03488,C0006,P0045,2024-04-16,1,0.3,COD,Returned
O03489,C0253,P0017,2023-09-29,2,0.15,Cash,cancelled
O03490,C0081,P0019,2023-03-04,1,0.25,cod,PENDING
O03491,C0468,P0035,2024-11-26,2,0.25,Card,Returned
O03492,C0413,P0025,2025-08-06,4,0.05,bank transfer,RETURNED
O03493,C0046,P0038,2024-11-16,1,0.25,Cash,RETURNED
O03494,C0347,P0066,2023-02-17,2,0.05,cod,pending
O03495,C0009,P0049,2023-03-31,1,0.0,card,cancelled
O03496,C0135,P0002,2025-05-07,2,0.3,JazzCash,Pending
O03497,C0135,P0058,2025-03-28,2,0.2,jazzcash,Completed
O03498,C0368,P0075,2023-02-17,1,0.0,COD,returned
O03499,C0224,P0051,2024-06-15,1,0.0,Easypaisa,RETURNED
O03500,C0322,P0046,2025-06-02,3,0.05,Bank Transfer,PENDING
O03501,C0272,P0066,2025-11-11,1,0.15,JAZZCASH,pending
O03502,C0357,P0079,2024-05-01,1,0.15,COD,Completed
O03503,C0214,P0083,2023-09-20,3,0.05,bank transfer,completed
O03504,C0453,P0012,2023-07-20,2,0.3,CARD,Pending
O03505,C0005,P0036,2025-09-14,3,0.1,COD,Pending
O03506,C0463,P0011,2023-02-01,1,0.0,Card,Returned
O03507,C0063,P0098,2024-06-09,3,0.2,Bank Transfer,returned
O03508,C0374,P0032,2023-12-12,5,0.2,Jazzcash,RETURNED
O03509,C0038,P0076,2023-09-07,1,0.3,Bank Transfer,Completed
O03510,C0491,P0047,2024-04-22,1,0.05,BANK TRANSFER,cancelled
O03511,C0302,P0046,2023-07-10,5,0.15,easypaisa,Cancelled
O03512,C0328,P0008,2024-11-09,2,0.05,COD,Pending
O03513,C0253,P0002,2024-06-07,3,0.3,Bank Transfer,pending
O03514,C0418,P0081,2025-12-18,2,0.15,JazzCash,Pending
O03515,C0353,P0085,2023-11-02,2,0.05,JAZZCASH,Cancelled
O03516,C0447,P0021,2025-12-12,4,0.25,Bank Transfer,COMPLETED
O03517,C0390,P0098,2023-08-15,1,0.05,CARD,Returned
O03518,C0108,P0006,2025-06-13,3,0.2,JAZZCASH,Pending
O03519,C0275,P0094,2024-09-02,2,0.3,easypaisa,Pending
O03520,C0465,P0053,11-Oct-2025,1,0.2,EASYPAISA,Returned
O03521,C0166,P0071,2024-03-24,1,0.1,Cod,RETURNED
O03522,C0295,P0042,2025-08-30,1,0.0,Card,Returned
O03523,C0326,P0026,2023-06-16,4,0.1,Jazzcash,Returned
O03524,C0308,P0081,2023-11-21,4,0.25,bank transfer,Pending
O03525,C0141,P0069,2025-07-25,5,0.0,Cod,completed
O03526,C0362,P0082,2024-08-19,5,0.15,cod,Cancelled
O03527,C0220,P0057,2024-10-23,2,0.3,cod,Completed
O03528,C0405,P0079,2025-10-06,1,0.1,Card,RETURNED
O03529,C0314,P0053,2024-12-29,2,0.0,JazzCash,pending
O03530,C0160,P0015,2025-04-05,1,0.2,EASYPAISA,CANCELLED
O03531,C0479,P0093,2023-01-17,4,0.0,BANK TRANSFER,Cancelled
O03532,C0180,P0095,2025-10-29,3,0.0,cash,PENDING
O03533,C0402,P0025,2023-03-19,1,0.25,JAZZCASH,Pending
O03534,C0334,P0082,2023-11-14,1,0.1,CARD,cancelled
O03535,C0269,P0036,2024-03-16,1,0.25,Bank Transfer,Cancelled
O03536,C0246,P0049,2025-04-20,2,0.2,COD,Returned
O03537,C0224,P0084,2023-04-11,5,0.3,Cod,completed
O03538,C0141,P0002,2024-02-22,1,0.1,Bank Transfer,Completed
O03539,C0037,P0043,2024-03-24,1,0.05,jazzcash,PENDING
O03540,C0205,P0096,2025-09-22,1,0.1,Jazzcash,Returned
O03541,C0140,P0054,2023-02-02,1,0.2,card,PENDING
O03542,C0021,P0079,2025-06-14,1,0.1,cod,Pending
O03543,C0325,P0090,2023-10-10,1,0.0,COD,Returned
O03544,C0384,P0027,2025-03-20,4,0.3,JAZZCASH,Completed
O03545,C0055,P0077,2023-11-10,2,0.3,JAZZCASH,Pending
O03546,C0228,P0095,2023-11-11,3,0.1,Cod,Completed
O03547,C0088,P0011,2025-01-01,5,0.25,Cod,cancelled
O03548,C0286,P0032,2023-02-10,2,0.15,Jazzcash,RETURNED
O03549,C0282,P0018,2023/07/02,4,0.15,card,pending
O03550,C0134,P0028,2025-01-29,1,0.25,Bank Transfer,returned
O03551,C0148,P0096,2025-03-20,1,0.2,Bank Transfer,Completed
O03552,C0426,P0062,2024-12-04,1,0.3,Bank Transfer,Completed
O03553,C0311,P0065,2023-05-13,1,0.1,JazzCash,completed
O03554,C0079,P0074,2024-07-21,1,0.3,Jazzcash,Cancelled
O03555,C0174,P0027,2023-07-25,1,0.1,BANK TRANSFER,CANCELLED
O03556,C0267,P0098,2024-05-15,1,0.25,JazzCash,Pending
O03557,C0140,P0057,2025-06-30,1,0.15,JazzCash,Completed
O03558,C0247,P0003,2025-01-10,1,0.25,BANK TRANSFER,RETURNED
O03559,C0333,P0091,2024-03-06,2,0.1,card,Pending
O03560,C0275,P0061,05/10/2025,1,0.3,EASYPAISA,cancelled
O03561,,P0019,2023-01-06,3,0.1,Bank Transfer,COMPLETED
O03562,C0250,P0052,2024-05-08,1,0.0,JAZZCASH,CANCELLED
O03563,C0185,P0076,2025-08-07,1,0.0,COD,Completed
O03564,C0057,P0016,2024-11-13,2,0.15,EASYPAISA,Cancelled
O03565,C0393,P0037,2024-06-22,1,0.0,cod,returned
O03566,C0356,P0069,2025-09-17,1,0.1,JazzCash,PENDING
O03567,C0493,P0065,2024-11-20,1,0.0,card,returned
O03568,C0139,P0083,2025-09-26,1,0.15,BANK TRANSFER,Returned
O03569,C0449,P0084,2025-02-05,1,0.2,Cod,Returned
O03570,C0078,P0031,2023-10-24,1,0.1,JazzCash,Completed
O03571,C0428,P0100,2024-12-05,1,0.2,jazzcash,Pending
O03572,C0186,P0065,2023-07-20,2,0.15,CASH,CANCELLED
O03573,C0404,P0068,2024-06-21,2,0.0,Card,PENDING
O03574,C0086,P0031,2024-03-13,2,0.25,Cod,RETURNED
O03575,C0228,P0001,2024-09-07,1,0.0,Jazzcash,Pending
O03576,C0414,P0076,2025-06-29,2,0.0,JazzCash,Pending
O03577,C0343,P0076,2025-09-28,2,0.3,Cod,cancelled
O03578,C0499,P0038,2023-09-12,2,0.25,jazzcash,Returned
O03579,C0022,P0067,2024-03-19,1,0.1,JAZZCASH,pending
O03580,C0019,P0016,2025-08-03,1,0.2,EASYPAISA,Completed
O03581,C0010,P0010,2025-07-31,1,0.25,Cash,Completed
O03582,C0389,P0014,2025-06-16,2,0.15,Easypaisa,Returned
O03583,C0295,P0005,2025-09-28,1,0.25,Bank Transfer,Cancelled
O03584,C0484,P0068,2024-10-02,1,0.0,Easypaisa,Cancelled
O03585,C0057,P0096,2025-01-17,2,0.3,CARD,PENDING
O03586,C0228,P0052,2024-05-26,1,0.05,EasyPaisa,pending
O03587,C0123,P0048,2024-12-30,2,0.2,easypaisa,Completed
O03588,C0251,P0008,2025-07-19,1,0.2,Bank Transfer,Cancelled
O03589,C0139,P0100,2023-06-24,5,0.05,JazzCash,COMPLETED
O03590,C0386,P0025,2023-01-15,1,0.05,Cash,Pending
O03591,C0467,P0040,2023-12-04,1,0.1,BANK TRANSFER,Cancelled
O03592,C0222,P0052,2024-04-05,1,0.25,cod,Pending
O03593,C0227,P0099,2023-05-09,5,0.1,Bank Transfer,completed
O03594,C0101,P0091,2023-01-23,2,0.15,cod,Cancelled
O03595,C0412,P0047,2025-06-13,3,0.2,card,pending
O03596,C0423,P0004,2025-11-17,1,0.3,Jazzcash,Cancelled
O03597,C0486,P0086,2025-04-30,1,0.25,EASYPAISA,Returned
O03598,C0363,P0100,2023-05-20,1,0.2,BANK TRANSFER,pending
O03599,C0220,P0075,2023-08-01,1,0.05,COD,Cancelled
O03600,C0490,P0026,2023-12-07,1,0.25,COD,cancelled
O03601,C0166,P0021,2025-02-12,1,0.0,bank transfer,pending
O03602,C0405,P0083,2023-10-28,3,0.3,BANK TRANSFER,Returned
O03603,C0202,P0098,2024-10-14,1,0.1,COD,Returned
O03604,C0194,P0048,2024-03-15,1,0.25,JAZZCASH,Returned
O03605,C0147,P0010,2023-08-13,1,0.3,COD,Returned
O03606,C0044,P0028,2025-02-21,4,0.05,BANK TRANSFER,Completed
O03607,C0352,P0044,2023-10-23,1,0.2,cod,COMPLETED
O03608,C0354,P0076,2024-03-19,1,0.25,EASYPAISA,returned
O03609,C0400,P0013,2024-07-26,3,0.0,Jazzcash,Pending
O03610,C0344,P0018,2023-12-06,1,0.0,JAZZCASH,cancelled
O03611,C0102,P0032,2024-10-24,1,0.0,cash,Completed
O03612,C0095,P0057,2023-12-13,1,0.15,CASH,cancelled
O03613,C0001,P0066,2025-09-13,3,0.15,jazzcash,pending
O03614,C0465,P0062,2023-04-05,2,0.0,EASYPAISA,PENDING
O03615,C0223,P0014,2024-04-30,2,0.15,card,Returned
O03616,C0002,P0062,2025-05-12,2,0.25,Cash,Pending
O03617,C0095,P0013,2025-10-18,1,0.1,Bank Transfer,Pending
O03618,C0288,P0007,2024-09-05,1,0.15,BANK TRANSFER,Cancelled
O03619,C0023,P0029,2023-11-28,1,0.1,COD,returned
O03620,C0408,P0052,2024-06-09,2,0.15,Jazzcash,Completed
O03621,C0302,P0079,2023-06-20,1,0.1,Cod,CANCELLED
O03622,C0312,P0088,2023-02-11,1,0.1,BANK TRANSFER,COMPLETED
O03623,C0495,P0073,2025-09-23,2,0.05,JAZZCASH,Cancelled
O03624,C0173,P0085,2023-08-23,-5,0.2,Easypaisa,Completed
O03625,C0064,P0071,2023-05-22,2,0.1,bank transfer,Completed
O03626,C0097,P0051,2023-10-19,2,0.15,Cash,pending
O03627,C0142,P0023,2023-08-30,5,0.05,CASH,CANCELLED
O03628,C0327,P0051,2023-10-11,2,0.1,CARD,Pending
O03629,C0408,P0001,2023-10-15,1,0.15,bank transfer,COMPLETED
O03630,C0282,P0091,2025-11-10,1,0.3,JAZZCASH,completed
O03631,C0073,P0078,2024-04-19,1,0.1,Bank Transfer,CANCELLED
O03632,C0388,P0065,2024-09-02,1,0.3,bank transfer,Completed
O03633,C0003,P0053,2025-01-11,1,0.3,jazzcash,COMPLETED
O03634,C0246,P0040,2024-11-23,4,0.15,BANK TRANSFER,Cancelled
O03635,C0396,P0089,2024-12-07,1,0.05,COD,Completed
O03636,C0156,P0007,2023-07-01,1,0.2,Card,Cancelled
O03637,C0045,P0074,2024-11-07,1,1.5,Bank Transfer,Pending
O03638,C0290,P0075,2023-01-25,4,0.1,Bank Transfer,Pending
O03639,C0052,P0064,2025-10-06,1,0.15,COD,COMPLETED
O03640,C0099,P0005,2024-12-08,1,0.15,Cash,RETURNED
O03641,C0038,P0017,2024-06-03,4,0.25,EASYPAISA,Completed
O03642,C0169,P0012,2025/03/14,1,0.3,card,Returned
O03643,C0107,P0031,06-Jul-2025,1,0.1,cash,PENDING
O03644,C0392,P0052,2025-07-25,1,0.25,Easypaisa,completed
O03645,C0005,P0050,2024-07-27,1,0.1,cod,Pending
O03646,C0347,P0082,2024-04-22,3,0.25,EASYPAISA,Cancelled
O03647,C0023,P0030,2024-04-07,1,0.2,Easypaisa,PENDING
O03648,C0171,P0097,2025-10-20,3,0.1,JAZZCASH,Completed
O03649,C0400,P0001,2024-09-10,1,0.2,cash,Returned
O03650,C0359,P0057,2024-03-20,3,0.2,cash,returned
O03651,C0199,P0003,2024-11-29,3,0.05,Easypaisa,Completed
O03652,C0233,P0077,2025-01-07,3,0.25,Jazzcash,Pending
O03653,C0212,P0016,2023-08-04,1,0.15,BANK TRANSFER,pending
O03654,C0201,P0040,,1,0.25,COD,RETURNED
O03655,C0215,P0044,08-02-2025,1,0.2,easypaisa,Cancelled
O03656,C0086,P0050,2024-03-06,1,0.1,JazzCash,Completed
O03657,C0389,,2023-01-22,2,0.1,cod,Pending
O03658,C0271,P0045,2025-05-03,1,0.15,EASYPAISA,Cancelled
O03659,C0473,P0084,2025-04-15,1,0.2,CARD,Pending
O03660,C0401,P0071,02/09/2025,1,0.3,EasyPaisa,PENDING
O03661,C0456,P0059,2025-06-18,2,0.15,Cash,CANCELLED
O03662,C0292,P0073,2025-04-12,1,0.05,EasyPaisa,PENDING
O03663,C0302,P0024,2025-06-28,1,0.3,Cash,Completed
O03664,C0485,P0057,2024-05-03,10,0.0,CARD,pending
O03665,C0089,P0024,2023-03-08,1,0.25,Card,RETURNED
O03666,C0104,P0021,2024-04-19,1,0.3,CARD,Completed
O03667,C0404,P0019,2024-03-17,2,0.05,JazzCash,RETURNED
O03668,C0195,P0003,2025-04-01,3,0.0,easypaisa,Returned
O03669,C0363,P0030,2023-01-05,1,0.1,COD,CANCELLED
O03670,C0098,P0044,2025-06-15,1,0.15,jazzcash,cancelled
O03671,C0307,P0040,2023-07-05,1,0.1,Card,pending
O03672,C0367,P0007,2023-03-09,2,0.3,JAZZCASH,RETURNED
O03673,C0272,P0072,2024-11-19,1,0.15,Jazzcash,Cancelled
O03674,C0055,P0015,2025-12-01,2,0.1,CARD,RETURNED
O03675,C0180,P0040,2023-10-21,1,0.0,jazzcash,Cancelled
O03676,C0499,P0057,2025-04-20,2,0.1,CARD,Returned
O03677,C0171,P0004,2025-09-09,2,0.15,Bank Transfer,PENDING
O03678,C0279,P0051,2023-02-26,2,0.0,card,Cancelled
O03679,C0087,P0016,2024-05-25,3,0.15,Cash,Completed
O03680,C0319,P0092,2024-10-29,2,0.15,Card,Cancelled
O03681,C0277,P0061,2025-12-10,2,0.05,bank transfer,PENDING
O03682,C0104,P0090,2023-06-06,1,0.05,JAZZCASH,RETURNED
O03683,C0409,P0053,2023-12-22,2,0.0,easypaisa,Pending
O03684,C0159,P0039,2023-08-24,1,0.05,CARD,cancelled
O03685,C0278,P0072,2025-11-03,1,0.0,Cash,Returned
O03686,C0041,P0090,2023-03-26,1,0.15,JazzCash,Returned
O03687,C0351,P0011,2023-11-04,4,0.05,COD,Cancelled
O03688,C0375,P0091,2023-01-08,1,0.15,jazzcash,Returned
O03689,C0188,P0035,2023-05-17,1,0.2,Easypaisa,CANCELLED
O03690,C0338,P0090,2023-05-20,1,0.1,easypaisa,Pending
O03691,C0068,P0060,10-16-2024,2,0.0,Cash,Returned
O03692,C0088,P0052,2025-07-05,-1,0.05,CASH,Cancelled
O03693,C0445,P0093,2025-03-26,1,0.2,JazzCash,RETURNED
O03694,C0377,P0070,2024-01-22,1,0.2,JAZZCASH,Pending
O03695,C0073,P0031,2024-03-18,1,0.25,cod,Completed
O03696,C0219,P0007,2023-06-30,3,0.1,EasyPaisa,Cancelled
O03697,C0118,P0018,2025-04-01,1,0.1,Cod,RETURNED
O03698,C0257,P0091,2023-07-24,2,0.15,cash,COMPLETED
O03699,C0187,P0006,2023-08-07,2,0.15,bank transfer,Pending
O03700,C0343,P0017,2023-02-26,2,0.1,CASH,Cancelled
O03701,C0024,P0016,2023-11-13,1,0.25,Jazzcash,cancelled
O03702,C0122,P0030,2023-11-02,5,0.15,Cash,Returned
O03703,C0295,P0083,2024-02-09,2,0.2,JazzCash,Cancelled
O03704,C0304,P0014,2024-12-04,1,0.25,Jazzcash,Returned
O03705,C0416,P0016,2023-06-08,1,0.05,Bank Transfer,PENDING
O03706,,P0037,2023-12-04,5,0.3,easypaisa,Returned
O03707,C0426,P0059,2024-09-11,2,0.0,Jazzcash,CANCELLED
O03708,C0154,P0072,2025-08-15,3,0.2,easypaisa,CANCELLED
O03709,C0198,P0017,2024-12-09,2,0.2,bank transfer,CANCELLED
O03710,C0355,P0009,2023-12-31,1,0.2,Easypaisa,Pending
O03711,C0121,P0098,2025/06/08,2,0.15,EASYPAISA,CANCELLED
O03712,C0452,P0097,2024-06-12,1,0.25,jazzcash,CANCELLED
O03713,C0323,P0044,2024-09-15,2,0.15,bank transfer,pending
O03714,C0085,P0078,2025-02-09,1,0.0,JazzCash,PENDING
O03715,C0386,P0092,2024-09-21,1,0.2,COD,completed
O03716,C0428,P0021,07-Apr-2023,2,0.05,JazzCash,Completed
O03717,C0329,P0038,2023-09-14,1,0.2,EasyPaisa,Completed
O03718,C0321,P0004,2023-04-13,2,0.0,Bank Transfer,Completed
O03719,C0215,P0090,2024-12-26,1,0.15,EasyPaisa,Cancelled
O03720,C0148,P0022,2025-04-10,1,0.3,Cod,CANCELLED
O03721,C0065,P0047,2024-06-19,2,0.0,Card,Pending
O03722,C0401,P0077,2024-04-17,1,0.3,cash,Returned
O03723,C0473,P0081,2023-05-01,4,0.25,jazzcash,CANCELLED
O03724,C0239,P0031,2023-08-11,4,0.0,easypaisa,Cancelled
O03725,C0420,P0024,2025-03-22,1,0.0,JazzCash,pending
O03726,C0492,P0043,2025-05-12,2,0.3,CASH,Completed
O03727,C0325,P0009,2025-12-04,1,0.2,CARD,Cancelled
O03728,C0169,P0079,2025-12-16,10,0.1,EASYPAISA,returned
O03729,C0084,P0021,2024-05-11,3,0.3,COD,Returned
O03730,C0316,P0054,2025-04-30,4,0.15,EASYPAISA,COMPLETED
O03731,C0181,P0032,2023-02-10,2,0.05,easypaisa,Cancelled
O03732,C0380,P0039,2025-08-10,2,0.05,Easypaisa,Returned
O03733,C0006,P0006,2024-02-20,1,0.2,Cash,COMPLETED
O03734,C0361,P0082,2023-04-24,1,-0.2,EasyPaisa,pending
O03735,C0035,P0083,2024-09-30,1,0.15,bank transfer,PENDING
O03736,C0128,P0095,2024-10-27,1,0.25,Cash,Returned
O03737,C0091,P0083,2024-05-24,1,0.2,easypaisa,Cancelled
O03738,C0371,P0091,2023-05-06,2,0.15,JazzCash,Returned
O03739,C0485,P0074,2024-04-05,2,0.1,card,PENDING
O03740,C0301,P0003,2024-07-21,1,0.05,Cod,cancelled
O03741,C0406,P0089,2024-12-11,1,0.15,Bank Transfer,Cancelled
O03742,C0172,P0059,2024-02-10,1,0.3,bank transfer,Completed
O03743,C0457,P0029,2024-05-19,1,0.15,Card,Returned
O03744,C0175,P0032,2024-03-02,1,0.05,EasyPaisa,Returned
O03745,C0052,P0023,2023-11-09,1,0.15,jazzcash,Completed
O03746,C0325,P0073,2025-02-05,1,0.3,Easypaisa,Cancelled
O03747,C0029,P0031,2024-04-16,1,0.1,Cash,Pending
O03748,C0025,P0017,2024-05-24,3,0.1,Cash,Completed
O03749,C0250,P0091,2023-07-03,1,0.1,Jazzcash,Pending
O03750,C0028,P0076,2024-06-30,2,0.25,Cash,RETURNED
O03751,C0078,P0020,2024-09-04,4,0.15,Jazzcash,completed
O03752,C0041,P0076,11-17-2023,1,0.1,Cash,Cancelled
O03753,C0165,P0030,2025-11-11,3,0.0,easypaisa,COMPLETED
O03754,C0301,P0012,2024-05-25,3,0.25,Jazzcash,Completed
O03755,C0179,P0092,2024-04-02,2,0.1,BANK TRANSFER,returned
O03756,C0477,P0098,2023-05-21,2,0.3,Easypaisa,completed
O03757,C0171,P0089,2025-10-15,3,0.1,Jazzcash,Pending
O03758,C0487,P0016,2025-03-14,1,0.05,CARD,Cancelled
O03759,C0143,P0053,2024-05-18,1,0.3,EASYPAISA,Completed
O03760,C0382,P0053,2023-10-02,3,0.0,COD,Returned
O03761,C0457,P0092,2025-06-04,1,0.05,CASH,Completed
O03762,C0235,P0056,30/05/2023,1,0.1,CARD,COMPLETED
O03763,C0161,P0078,2025-02-28,1,0.1,COD,PENDING
O03764,C0305,P0058,2025-08-01,3,0.1,card,Cancelled
O03765,C0355,P0055,2023-02-19,4,0.2,CASH,Completed
O03766,C0056,P0006,2023-06-11,4,0.3,EasyPaisa,Completed
O03767,C0435,P0007,2024-03-19,2,0.15,BANK TRANSFER,COMPLETED
O03768,C0276,P0077,2024-02-29,1,0.3,EASYPAISA,Completed
O03769,C0198,P0032,2025-12-07,1,0.2,easypaisa,Returned
O03770,C0046,P0068,2024-12-24,4,0.2,CASH,Returned
O03771,C0322,P0005,2025-02-20,1,0.15,Bank Transfer,Cancelled
O03772,C0195,P0062,2023-12-27,1,0.0,EasyPaisa,Cancelled
O03773,C0366,P0063,2023-11-17,3,0.25,COD,Completed
O03774,C0345,P0086,2024-08-17,1,0.25,card,Pending
O03775,C0108,P0046,2025-05-10,1,0.15,Bank Transfer,CANCELLED
O03776,C0373,P0093,2023-02-28,5,0.05,cash,Pending
O03777,C0310,P0057,2025-12-01,2,0.2,COD,Returned
O03778,C0053,P0083,2024-06-06,1,0.1,BANK TRANSFER,Cancelled
O03779,C0211,P0060,2023-06-12,1,0.15,jazzcash,Completed
O03780,C0484,P0056,2025-02-15,1,0.25,easypaisa,Pending
O03781,C0191,P0009,22-Nov-2024,2,0.0,Cash,PENDING
O03782,C0156,P0046,2025-06-01,1,0.25,bank transfer,returned
O03783,C0421,P0052,2024-02-29,20,0.05,cash,COMPLETED
O03784,C0470,P0081,2025-06-17,1,0.05,cash,COMPLETED
O03785,C0069,P0045,2025-12-19,3,0.1,easypaisa,RETURNED
O03786,C0389,P0028,2024-05-06,2,0.25,EasyPaisa,Pending
O03787,C0407,P0031,2023-02-07,2,0.0,easypaisa,Pending
O03788,C0353,P0072,2025-09-12,1,0.3,CARD,Pending
O03789,C0056,P0048,2024-08-02,1,0.25,Card,Completed
O03790,C0437,P0014,2023-10-22,1,0.0,CARD,Returned
O03791,C0490,P0038,2024-11-21,1,0.25,CASH,Returned
O03792,C0152,P0076,2023-03-06,1,0.25,COD,Completed
O03793,C0341,P0073,2024-03-03,2,0.15,EasyPaisa,Pending
O03794,C0122,P0067,2025-11-10,1,0.1,Easypaisa,Completed
O03795,C0201,P0028,2023-01-28,1,0.3,JazzCash,Cancelled
O03796,C0270,P0029,2023-05-02,1,0.2,cash,returned
O03797,C0115,P0041,2023-11-19,2,0.2,Card,Completed
O03798,C0252,P0089,2024-07-23,1,0.2,BANK TRANSFER,pending
O03799,C0161,P0035,2025-04-26,2,0.05,Bank Transfer,pending
O03800,C0355,P0025,2025-01-05,1,0.2,Easypaisa,cancelled
O03801,C0075,P0044,2023-11-14,1,0.1,cod,PENDING
O03802,C0029,P0001,2023-12-06,1,0.0,,Cancelled
O03803,C0460,P0037,2023-03-21,1,0.25,EasyPaisa,PENDING
O03804,C0437,P0014,2024-01-13,1,0.25,Jazzcash,completed
O03805,C0423,P0034,2023-07-29,4,5.0,Cod,Cancelled
O03806,C0396,P0065,2023-01-25,1,0.15,EASYPAISA,pending
O03807,C0023,P0091,2023-08-24,3,0.05,Bank Transfer,Cancelled
O03808,C0250,P0068,,2,0.15,COD,COMPLETED
O03809,C0299,P0072,2025-02-20,2,0.15,Cash,returned
O03810,C0072,P0061,2025-03-11,2,0.3,BANK TRANSFER,Returned
O03811,C0156,P0039,2023-11-15,1,0.05,JAZZCASH,cancelled
O03812,C0129,P0069,2025-03-15,1,0.0,Card,PENDING
O03813,C0121,P0060,2023-06-07,1,0.0,Card,Completed
O03814,C0429,P0015,2025-12-27,1,0.05,easypaisa,pending
O03815,C0324,P0076,2023-09-07,4,0.3,Cash,cancelled
O03816,C0343,P0074,2025-04-17,1,0.0,Cash,Returned
O03817,C0233,P0012,2025-10-23,2,0.25,CASH,Completed
O03818,C0418,P0075,2023-09-14,2,0.3,easypaisa,CANCELLED
O03819,C0455,P0039,2025-09-22,1,0.2,COD,Cancelled
O03820,C0149,P0009,2023-04-03,1,0.0,jazzcash,Completed
O03821,C0102,P0097,2023-05-23,1,0.0,Bank Transfer,completed
O03822,C0160,P0002,2024-12-01,4,0.25,Cod,Cancelled
O03823,C0081,P0041,2023-08-26,1,0.2,cod,COMPLETED
O03824,C0159,P0040,2025-07-11,1,0.1,EasyPaisa,COMPLETED
O03825,C0294,P0096,2024-07-16,2,0.3,easypaisa,PENDING
O03826,C0052,P0038,2025-10-27,1,0.05,CASH,Completed
O03827,C0102,P0014,2024-06-21,3,0.1,EasyPaisa,Returned
O03828,C0162,P0061,2023-09-14,4,0.05,Easypaisa,Returned
O03829,C0339,P0061,2024-07-04,2,0.15,COD,Returned
O03830,C0014,P0029,2024-03-15,3,0.15,Jazzcash,returned
O03831,C0317,P0081,2025-12-11,1,0.2,card,cancelled
O03832,C9999,P0014,2024-04-13,1,0.2,JAZZCASH,COMPLETED
O03833,C0096,P0081,2025-04-08,5,0.0,cash,Pending
O03834,C0009,P0029,2023-12-10,1,0.3,EasyPaisa,returned
O03835,C0120,P0009,2023-04-04,1,0.15,card,Completed
O03836,C0351,P0005,2023-06-16,1,0.2,bank transfer,pending
O03837,C0330,P0043,2024-08-27,1,0.0,CARD,Returned
O03838,C0116,P0051,2023-03-18,1,0.1,cash,Completed
O03839,C0144,P0057,2024-08-18,5,0.15,Easypaisa,Returned
O03840,C0449,P0072,2025-02-14,2,0.25,Bank Transfer,Returned
O03841,C0261,P0033,2025-11-24,1,0.0,COD,cancelled
O03842,C0208,P0014,2023-02-21,10,0.15,easypaisa,COMPLETED
O03843,C0386,P0010,2025-06-29,1,0.3,CARD,Pending
O03844,C0161,P0074,2024-09-26,2,0.3,card,Completed
O03845,C0228,P0068,2023-07-31,1,0.0,EASYPAISA,Completed
O03846,C0294,P0091,2025-05-16,3,0.0,JazzCash,Completed
O03847,C0088,P0012,2024-07-02,1,0.0,JAZZCASH,returned
O03848,C0435,P0076,2025-05-16,1,0.05,CARD,Cancelled
O03849,C0341,P0085,2025-11-28,-1,0.2,COD,Pending
O03850,C0360,P0044,2025-02-05,4,0.05,Bank Transfer,completed
O03851,C0246,P0100,2023-02-24,3,0.25,CARD,Returned
O03852,C0125,P0001,2023-04-24,1,0.25,Bank Transfer,Cancelled
O03853,C0197,P0081,2025-04-07,5,0.05,COD,pending
O03854,C0368,P0015,2025-09-05,2,0.15,CARD,COMPLETED
O03855,C0233,P0028,2024-09-13,2,0.25,Card,RETURNED
O03856,C0260,P0064,2023-11-08,4,0.05,COD,RETURNED
O03857,C0434,P0068,2025-02-09,3,0.25,CARD,Cancelled
O03858,C0444,P0062,2025-03-05,2,0.25,Cash,RETURNED
O03859,C0360,P0011,2024-05-09,1,0.05,CASH,Pending
O03860,C0470,P0078,2025-03-10,1,0.0,EASYPAISA,Completed
O03861,C0188,P0047,2023-07-27,1,0.05,jazzcash,Pending
O03862,C0312,P0017,2023-08-31,3,0.0,easypaisa,Cancelled
O03863,C0174,P0004,2025-03-16,2,0.2,Bank Transfer,Cancelled
O03864,C0479,P0048,2024-06-22,1,0.15,Card,Pending
O03865,C0008,P0014,2024-08-29,2,0.25,COD,Returned
O03866,C0185,P0063,2023-01-11,3,0.05,Bank Transfer,cancelled
O03867,C0129,P0085,2023-09-28,1,0.3,CASH,Pending
O03868,C0204,P0096,2023-11-06,1,0.05,bank transfer,COMPLETED
O03869,C0169,P0004,2023-12-22,1,0.0,CASH,Completed
O03870,C0342,P0011,2023-08-16,2,0.25,cash,completed
O03871,C0419,P0042,2025-05-18,1,0.0,Bank Transfer,Pending
O03872,C0099,P0072,2024-06-12,2,-0.2,Cod,Completed
O03873,C0072,P0012,2024-04-18,1,0.25,COD,cancelled
O03874,C0336,P0098,2024-01-31,1,0.1,COD,PENDING
O03875,C0427,P0074,2023-04-15,2,0.25,COD,pending
O03876,C0245,P0017,2024-02-07,2,0.05,Cash,Completed
O03877,C0136,P0086,2024-06-21,1,0.15,COD,Pending
O03878,C0486,P0081,2024-05-16,2,0.15,JazzCash,returned
O03879,C0372,P0054,2023-05-24,2,0.05,Cash,cancelled
O03880,C0450,P0018,2023-02-12,1,0.3,Cash,Pending
O03881,C0421,P0037,2023-09-06,1,0.0,COD,cancelled
O03882,C0425,P0004,2023-11-15,1,0.1,Cash,pending
O03883,C0312,P0031,2025-05-17,1,0.1,COD,COMPLETED
O03884,C0212,P0060,2025-06-08,1,0.3,CARD,CANCELLED
O03885,C0116,P0074,2023-05-19,2,0.25,Card,CANCELLED
O03886,C0176,P0018,2025-12-28,1,0.25,Easypaisa,Pending
O03887,C0467,P0014,2023-12-25,1,0.2,Card,Pending
O03888,C0299,P0034,2024-10-19,3,0.05,card,Returned
O03889,C0095,P0079,2025-04-28,2,0.1,Jazzcash,RETURNED
O03890,C0390,P0032,2025-05-29,2,0.25,Bank Transfer,Pending
O03891,C0260,P0015,2023-08-26,1,0.3,card,Cancelled
O03892,C0024,P0055,2024-06-11,1,0.25,BANK TRANSFER,Completed
O03893,C0165,P0072,2025-10-20,1,0.3,JazzCash,returned
O03894,C0360,P0045,2023-04-25,2,0.15,cod,Cancelled
O03895,C0400,P0062,2025-12-22,1,0.2,Cash,Cancelled
O03896,C0473,P0046,2023-07-20,2,0.0,COD,returned
O03897,C0489,P0050,2024-04-27,1,0.0,EASYPAISA,CANCELLED
O03898,C0454,P9999,2025-03-23,1,0.0,Card,Cancelled
O03899,C0098,P0042,2025-11-07,1,0.2,Cash,Cancelled
O03900,C0319,P0041,2024-12-06,2,0.2,Bank Transfer,Pending
O03901,C0240,P0099,2024-04-10,2,0.3,Bank Transfer,Cancelled
O03902,C0309,P0046,2025-09-28,3,0.1,Jazzcash,Completed
O03903,C0289,P0083,2023-10-27,1,0.15,jazzcash,Completed
O03904,C0038,P0009,2025-09-08,2,0.15,EASYPAISA,COMPLETED
O03905,C0112,P0091,16/12/2025,1,0.1,Easypaisa,PENDING
O03906,C0442,P0056,2023-08-02,1,0.1,Bank Transfer,RETURNED
O03907,C0374,P0021,25-Feb-2024,1,0.3,cash,completed
O03908,C0186,P0051,2024-05-25,1,0.2,COD,cancelled
O03909,C0296,P0022,2024-06-01,20,0.2,Card,Pending
O03910,C0115,P0022,2023-08-15,1,0.15,COD,Cancelled
O03911,C0043,P0022,2025-06-22,1,0.15,jazzcash,RETURNED
O03912,C0279,P0045,2023-11-02,1,0.15,CARD,Completed
O03913,C0033,P0079,2025-07-08,3,0.2,JazzCash,Cancelled
O03914,C0279,P0061,2024-06-02,3,0.0,Easypaisa,cancelled
O03915,C0251,P0079,2025-05-30,2,0.05,cod,PENDING
O03916,C0168,P0009,2023-11-18,2,0.25,JazzCash,Returned
O03917,C0170,P0012,2023-02-09,1,0.1,Cash,Completed
O03918,C0263,P0015,2024-09-13,2,0.3,JAZZCASH,Cancelled
O03919,C0066,P0055,2023-12-21,1,0.0,CASH,Cancelled
O03920,C0215,P0002,2025-07-14,1,0.05,Jazzcash,Completed
O03921,C0079,P0096,2025-12-19,1,0.25,CARD,RETURNED
O03922,C0350,P0019,2024-07-16,1,0.15,jazzcash,cancelled
O03923,C0295,P0015,2025-06-09,2,0.05,Bank Transfer,Completed
O03924,C0443,P0078,2023-08-18,3,0.25,EASYPAISA,CANCELLED
O03925,C0064,P0055,2025-05-23,2,0.3,BANK TRANSFER,Pending
O03926,C0373,P0087,2024-09-17,1,0.05,cash,RETURNED
O03927,C0192,P0036,2024-06-01,1,0.0,easypaisa,COMPLETED
O03928,C0224,P0051,2024-06-24,2,0.0,cash,Returned
O03929,C0149,P0095,2024-11-09,2,0.0,Jazzcash,Completed
O03930,C0251,P0053,05-Sep-2024,1,0.15,Cod,CANCELLED
O03931,C0265,P0001,2023-09-23,1,0.0,JAZZCASH,completed
O03932,C0163,P0003,2025-04-15,2,0.25,EasyPaisa,Completed
O03933,C0375,P0093,2024-02-04,1,0.3,CARD,RETURNED
O03934,C0191,P0021,2024-05-15,2,0.05,COD,Completed
O03935,C0167,P0065,2024-01-31,10,0.25,Easypaisa,Returned
O03936,C0121,P0045,2024-07-09,2,0.25,Cod,returned
O03937,C0255,P0052,2023-12-24,4,0.25,COD,Cancelled
O03938,C0306,P0047,2023-04-06,2,0.0,CASH,Returned
O03939,C0398,P0021,2024-10-26,1,0.25,EASYPAISA,cancelled
O03940,C0238,P0058,2023-12-29,1,0.05,Cash,Pending
O03941,C0142,P0069,2023-02-08,5,0.0,JazzCash,Returned
O03942,C0411,P0069,2025-11-05,1,0.3,BANK TRANSFER,PENDING
O03943,C0061,P0070,2025-06-03,1,0.3,JAZZCASH,CANCELLED
O03944,C0092,P0078,2024-03-26,1,0.25,Jazzcash,Returned
O03945,C0339,P0094,2025-01-16,2,0.05,Cash,returned
O03946,C0378,,2025-04-13,1,0.15,EasyPaisa,Completed
O03947,C0055,P0088,2024-01-21,2,0.2,Bank Transfer,Cancelled
O03948,C0010,P0091,2024-09-17,2,0.15,Easypaisa,CANCELLED
O03949,C0227,P0033,2024-10-27,2,0.25,CASH,Completed
O03950,C0200,P0001,2024-12-31,5,0.2,EasyPaisa,Completed
O03951,C0409,P0097,2023-08-12,3,0.25,card,CANCELLED
O03952,C0060,P0100,2024-02-25,1,0.25,Bank Transfer,Pending
O03953,C0032,P0001,2025-11-18,1,0.15,easypaisa,COMPLETED
O03954,C0067,P0086,2025-11-05,2,0.2,Bank Transfer,CANCELLED
O03955,C0004,P0088,2025-10-12,1,0.0,COD,Completed
O03956,C0383,P0032,2025-09-08,2,0.3,Bank Transfer,cancelled
O03957,C0239,P0014,2024-11-03,2,0.0,Card,Cancelled
O03958,C0267,P0087,2025-09-21,2,0.2,COD,RETURNED
O03959,C0452,P0019,2025-11-17,1,0.25,BANK TRANSFER,pending
O03960,C0263,P0084,2023-08-03,1,0.3,JAZZCASH,Cancelled
O03961,C0497,P0074,2025-08-15,1,0.05,Cash,COMPLETED
O03962,C0331,P0001,2025-08-21,1,0.2,Jazzcash,Returned
O03963,C0401,P0036,2024-10-02,1,0.25,COD,Returned
O03964,C0446,P0040,2024-07-21,1,0.0,EasyPaisa,pending
O03965,C0298,P0022,2025-05-22,1,0.25,jazzcash,returned
O03966,C0335,P0030,2024-09-01,2,0.3,jazzcash,COMPLETED
O03967,C0353,P0051,2023-03-05,4,0.25,JAZZCASH,Cancelled
O03968,C0175,P0075,2025-11-21,1,0.2,Bank Transfer,Returned
O03969,C0489,P0081,2023-04-21,1,0.2,cod,pending
O03970,C0187,P0065,2024-10-05,1,0.3,card,PENDING
O03971,C0169,P0054,2023-05-28,1,0.2,jazzcash,CANCELLED
O03972,C0157,P0087,2023-03-21,1,0.25,CARD,completed
O03973,C0227,P0084,2023-07-20,3,0.3,EASYPAISA,pending
O03974,C0491,P0050,2023-07-12,3,0.25,COD,Cancelled
O03975,C0162,P0085,2023-02-22,2,0.0,easypaisa,CANCELLED
O03976,C0199,P0075,2023-11-17,1,0.05,COD,returned
O03977,C0145,P0002,2024-04-28,4,0.15,Bank Transfer,RETURNED
O03978,C0067,P0071,2024-11-13,2,0.0,Cod,Cancelled
O03979,C0115,P0012,2023-10-11,4,0.25,EasyPaisa,RETURNED
O03980,C0101,P0021,2025-07-28,1,0.25,cod,RETURNED
O03981,C0415,P0016,2024-08-06,2,0.05,JazzCash,Completed
O03982,C0097,P0018,2023-09-20,1,0.15,easypaisa,Completed
O03983,C0150,P0055,2024-11-06,3,0.2,Card,returned
O03984,C0161,P0048,2024-12-06,2,0.0,Card,COMPLETED
O03985,C0021,P0053,2023-08-21,1,0.0,CARD,pending
O03986,C0499,P0040,2024-06-27,4,0.3,Jazzcash,RETURNED
O03987,C0410,P0061,2025-03-13,1,0.05,Cash,Cancelled
O03988,C0475,P0085,2023-07-10,5,0.05,EASYPAISA,Completed
O03989,C0432,P0054,2024-10-27,1,0.25,Easypaisa,Completed
O03990,C0464,P0020,2023-12-12,3,0.2,Cod,Cancelled
O03991,C0336,P0091,2023-02-24,1,0.1,jazzcash,Pending
O03992,C0286,P0089,2024-12-23,1,0.0,JazzCash,RETURNED
O03993,C0190,P0042,2024-11-27,2,0.0,Card,Pending
O03994,C0109,P0091,2024-11-12,1,0.15,easypaisa,PENDING
O03995,C0394,P0069,2024-09-30,4,0.5,Card,Cancelled
O03996,C0250,P0053,2024-01-28,2,0.2,CASH,returned
O03997,C0348,P0053,2023-03-14,1,0.05,cod,Cancelled
O03998,C0205,P0073,2025-02-11,2,0.3,Card,PENDING
O03999,C0456,P0073,2023-02-05,1,0.25,Card,Cancelled
O04000,C0032,P0073,2025-06-28,1,0.1,COD,Completed
O04001,C0206,P0014,2025-07-26,2,0.0,easypaisa,PENDING
O04002,C0013,P0093,2023-05-18,5,0.25,Cash,Cancelled
O04003,C0020,P0008,2024-02-29,2,0.05,jazzcash,RETURNED
O04004,C0314,P0005,2025-07-25,1,0.15,card,Completed
O04005,C0196,P0024,2023-06-01,2,0.05,COD,cancelled
O04006,C0387,P0088,2024-04-18,2,0.25,Cash,Cancelled
O04007,C0296,P0049,2023-10-28,1,0.3,Jazzcash,Cancelled
O04008,C0013,P0062,2023-06-24,1,0.15,CASH,Completed
O04009,C0460,P0072,2023-09-15,3,0.2,card,PENDING
O04010,C0228,P0096,2024-07-26,1,0.3,cash,Returned
O04011,C0147,P0080,2024-10-25,1,0.2,Bank Transfer,PENDING
O04012,C0405,P0022,2023-10-25,1,0.05,Card,CANCELLED
O04013,C0355,P0085,2025-11-27,3,0.25,cod,Completed
O04014,C0492,P0011,2023-12-09,1,0.2,Bank Transfer,COMPLETED
O04015,C0462,P0038,2024-06-13,1,0.15,JAZZCASH,Returned
O04016,C0071,P0095,2024-07-08,1,0.0,Bank Transfer,pending
O04017,C0420,P0089,2023-02-09,2,0.3,JazzCash,pending
O04018,C0080,P0089,2024-06-10,4,0.1,Card,returned
O04019,C0237,P0028,2025-07-16,2,0.25,Jazzcash,Pending
O04020,C0254,P0071,2024-06-18,1,0.0,Cod,Returned
O04021,C0214,P0041,2025-09-07,1,0.3,cash,pending
O04022,C0045,P0019,2025-11-18,1,0.15,Card,Returned
O04023,C0080,P0052,2025-12-05,1,0.2,Card,CANCELLED
O04024,C0458,P0052,2023-05-26,2,0.3,Easypaisa,Returned
O04025,C0062,P0057,2023-02-24,1,0.05,easypaisa,completed
O04026,C0331,P0067,2025-05-18,1,0.15,Cod,Pending
O04027,C0278,P0066,2023-01-22,2,0.0,COD,pending
O04028,C0194,P0040,2025-08-24,5,0.2,JAZZCASH,Completed
O04029,C0074,P0060,2025-12-08,1,0.0,CARD,returned
O04030,C0069,P0072,2025-01-09,1,0.1,cod,RETURNED
O04031,C0043,P9999,2023-02-06,1,0.2,Cash,returned
O04032,C0285,P0003,2025-12-05,1,0.25,Cash,pending
O04033,C0001,P0089,2025-11-19,2,0.25,Easypaisa,Pending
O04034,C0447,P0014,2025-01-21,1,0.15,easypaisa,Completed
O04035,C0371,P0008,2025-08-23,3,0.0,jazzcash,Cancelled
O04036,C0116,P0055,2025-02-02,2,0.2,easypaisa,PENDING
O04037,C0359,P0020,2024-08-24,1,0.25,Cash,Returned
O04038,C0499,P0009,2023-07-07,1,0.3,Bank Transfer,completed
O04039,C0027,P0087,2025-08-18,1,0.0,easypaisa,Returned
O04040,C0015,P0093,28-Dec-2023,1,0.0,CARD,Returned
O04041,C0341,P0037,2025-08-27,1,0.3,Cod,Cancelled
O04042,C0361,P0088,2023-12-26,1,0.0,Cod,Cancelled
O04043,C0318,P0061,2025-01-16,4,0.3,bank transfer,pending
O04044,C0138,P0083,2025-08-01,2,0.25,COD,RETURNED
O04045,C0328,P0030,2025-05-14,1,0.3,Cod,Pending
O04046,C0384,P0040,2024-06-05,3,0.05,Jazzcash,cancelled
O04047,C0197,P0085,2024-06-12,2,0.05,CASH,Returned
O04048,C0043,,2024-08-05,1,0.3,Cod,cancelled
O04049,C0226,P0038,2023-03-22,4,0.3,COD,RETURNED
O04050,C0048,P0025,2024-05-03,1,0.3,bank transfer,Cancelled
O04051,C0445,P0057,2025-05-17,2,0.15,COD,pending
O04052,C0195,P0069,2023-08-24,2,0.15,Cash,RETURNED
O04053,C0176,P0064,2023-07-01,3,0.15,JazzCash,Completed
O04054,C0410,P0047,2025-12-02,1,0.25,EASYPAISA,completed
O04055,C0141,P0035,2023-03-13,1,0.05,JazzCash,Pending
O04056,C0088,P0037,,2,0.15,JazzCash,Returned
O04057,C0170,P0004,2025-06-13,1,0.1,jazzcash,CANCELLED
O04058,C0163,P0019,2025-06-22,2,0.0,cash,completed
O04059,C0047,P0089,2023-04-27,4,0.2,Jazzcash,Completed
O04060,C0493,P0069,2024-05-27,1,0.15,bank transfer,RETURNED
O04061,C0306,P0029,2023-12-06,1,0.1,Bank Transfer,pending
O04062,C0061,P0065,2024-03-05,1,5.0,easypaisa,Cancelled
O04063,C9999,P0036,2025-12-25,1,0.3,cash,CANCELLED
O04064,C0076,P0085,2025-05-07,1,0.1,BANK TRANSFER,pending
O04065,C0340,P0018,2023-01-18,1,0.1,jazzcash,Cancelled
O04066,C0422,P0074,2025-11-24,3,0.15,Bank Transfer,COMPLETED
O04067,C0368,P0079,2023-10-16,5,0.3,JAZZCASH,PENDING
O04068,C0498,P0088,2024-06-07,2,0.2,Jazzcash,PENDING
O04069,C0157,P0050,2023-01-11,1,0.2,card,PENDING
O04070,C0491,P0014,2025-09-13,2,0.1,COD,Pending
O04071,C0407,P0024,2023-06-15,1,0.0,easypaisa,Cancelled
O04072,C0256,P0044,2023-04-08,3,0.1,card,CANCELLED
O04073,C0217,P0058,2025-05-26,2,0.2,BANK TRANSFER,Pending
O04074,C0302,P0070,2025-12-10,1,0.15,Jazzcash,RETURNED
O04075,C0143,P0043,2025-11-16,1,0.15,JazzCash,Completed
O04076,C0121,P0036,2023-01-09,1,0.2,Card,CANCELLED
O04077,C0213,P0001,2024-11-03,5,0.15,card,Pending
O04078,C0171,P0085,2023-05-12,10,0.2,Card,returned
O04079,C0193,P0032,2025-11-22,2,0.0,card,Returned
O04080,C9999,P0068,2024-08-09,2,0.15,Bank Transfer,Cancelled
O04081,C0217,P0093,2024-12-16,1,0.0,Jazzcash,Pending
O04082,C0284,P0052,2023-10-06,2,0.25,CARD,Completed
O04083,C0495,P0060,2023-02-27,2,0.1,Bank Transfer,returned
O04084,C0266,P0004,2024-10-09,5,0.0,easypaisa,completed
O04085,C0068,P0091,2023-09-25,1,0.1,Card,Cancelled
O04086,C0028,P0028,2025-06-20,5,0.05,,pending
O04087,C0035,P0069,2025-04-27,2,0.05,jazzcash,returned
O04088,C0234,P0046,2025-05-06,1,0.0,Cash,Cancelled
O04089,C0321,P0010,2024-03-05,1,0.0,EasyPaisa,CANCELLED
O04090,C0286,P0063,2023-04-08,4,0.15,Cash,returned
O04091,C0357,P0039,2024-12-11,2,0.2,jazzcash,pending
O04092,C0193,P0030,2024-12-25,1,0.25,JazzCash,completed
O04093,C0268,P0004,2023-12-05,2,0.2,Cod,cancelled
O04094,C0174,P0018,2023-06-05,4,0.25,Bank Transfer,pending
O04095,C0222,P0075,2023-03-26,4,0.1,Bank Transfer,Returned
O04096,C0200,P0076,2025-12-13,2,0.05,bank transfer,Cancelled
O04097,C0355,P0069,2024-08-09,1,0.0,Jazzcash,Cancelled
O04098,C0023,P0032,2023-06-12,2,0.3,Cod,cancelled
O04099,C0418,P0079,2025-07-31,1,0.25,Card,CANCELLED
O04100,C0382,P0021,2023-02-04,1,0.15,Easypaisa,Pending
O04101,C0151,P0017,2025-06-25,4,0.25,easypaisa,pending
O04102,C0070,P0055,2024-11-23,1,0.05,Bank Transfer,Pending
O04103,C0379,P0049,2023-03-01,2,0.05,CASH,Pending
O04104,C0230,P0072,2024-04-08,3,0.15,Cash,COMPLETED
O04105,C0209,P0024,2024-04-11,3,0.1,cod,Returned
O04106,C0417,P0097,2025-01-24,1,0.1,EasyPaisa,Cancelled
O04107,C0099,P0084,2023-09-22,3,0.3,easypaisa,PENDING
O04108,C0330,P0092,2023-03-16,1,0.1,card,returned
O04109,C0272,P0046,2025-08-20,1,0.05,Easypaisa,Cancelled
O04110,C0382,P0082,2023-09-17,1,0.1,EASYPAISA,Completed
O04111,C0160,P0091,2023-12-01,2,0.0,COD,Cancelled
O04112,C0170,P0044,2024-11-22,1,0.15,BANK TRANSFER,CANCELLED
O04113,C0297,P0058,2025-07-27,2,0.1,Cash,Completed
O04114,C0213,P0062,2023-05-22,1,0.2,easypaisa,Returned
O04115,C0205,P0083,2025-07-31,1,0.15,jazzcash,Pending
O04116,C0312,P0002,2024-08-31,5,0.1,Bank Transfer,returned
O04117,C0383,P0086,2025-06-02,1,0.05,Card,Cancelled
O04118,C0365,P0023,2023-05-25,5,0.05,jazzcash,Returned
O04119,C0181,P0069,2025-08-10,100,0.15,CASH,completed
O04120,C0338,P0055,2023-11-28,1,0.2,JazzCash,Returned
O04121,C0299,P0076,2024-07-25,5,0.15,jazzcash,COMPLETED
O04122,C0250,P0053,2023-02-19,2,0.2,Jazzcash,Cancelled
O04123,C0031,P0011,2023-09-21,4,0.0,CARD,Cancelled
O04124,C0295,P0066,2023-03-01,2,0.05,cod,Pending
O04125,C0047,P0098,2025-02-08,1,0.05,CARD,returned
O04126,C0218,P0071,2023-04-20,1,0.2,cash,Completed
O04127,C0277,P0087,2023-02-04,4,0.1,Card,Cancelled
O04128,C0235,P0036,2024-02-09,1,0.15,cash,CANCELLED
O04129,C0326,P0084,2025-07-10,1,0.2,easypaisa,completed
O04130,C0164,P0049,2025-01-19,2,0.25,BANK TRANSFER,Returned
O04131,C0237,P0090,2024-08-28,1,0.15,JAZZCASH,returned
O04132,C0314,P0073,2025-01-29,5,0.0,jazzcash,Returned
O04133,C0460,P0084,2024-05-06,2,0.15,Card,completed
O04134,C0227,P0015,2024-09-07,1,0.3,JAZZCASH,completed
O04135,C0287,P0029,2024-12-07,4,0.25,Jazzcash,cancelled
O04136,C0379,P0085,2025-01-21,1,0.0,Easypaisa,Cancelled
O04137,C0397,P0098,2023-06-02,1,0.1,Cash,Completed
O04138,C0313,P0081,2024-01-14,1,0.3,JAZZCASH,Pending
O04139,C0152,P0091,2024-08-28,1,-0.2,Card,Completed
O04140,C0405,P0086,2023-10-05,1,0.15,bank transfer,returned
O04141,C0238,P0026,2023-02-22,1,0.3,Bank Transfer,CANCELLED
O04142,C0154,P0008,2024-01-22,3,0.1,COD,Cancelled
O04143,C0089,P0093,2023-07-07,2,0.25,Jazzcash,Returned
O04144,C0005,P0095,2023-12-21,2,0.3,Easypaisa,Cancelled
O04145,C0149,P0083,2023-02-15,-5,0.0,Card,Completed
O04146,C0422,P0071,2023-03-21,1,0.3,Cod,CANCELLED
O04147,C0182,P0062,2024-10-11,2,0.0,COD,Completed
O04148,C0145,P0062,2024-06-01,1,0.3,cod,Cancelled
O04149,C0463,P0020,2024-10-27,1,0.0,Cash,completed
O04150,C0489,P0015,2024-02-22,2,0.25,COD,Cancelled
O04151,C0135,P0065,2025-01-21,1,0.05,card,Pending
O04152,C0355,P0023,2025-08-03,1,0.15,CASH,Cancelled
O04153,,P0031,2024-08-17,3,0.0,CASH,cancelled
O04154,C0014,P0099,2023-12-05,2,0.25,COD,Cancelled
O04155,C0258,P0011,2024-04-03,1,0.1,BANK TRANSFER,Returned
O04156,C0287,P0005,2023-11-30,2,0.2,cash,completed
O04157,C0297,P0049,2025-04-24,1,0.1,card,Cancelled
O04158,C0060,P0074,2023-08-09,2,0.3,bank transfer,Completed
O04159,C0263,P0020,2023-05-24,2,0.05,JazzCash,Pending
O04160,C0494,P0072,2024-02-28,1,0.05,Card,Pending
O04161,C0452,P0081,2025-03-27,-1,0.1,COD,Completed
O04162,C0467,P0062,2023-06-24,1,0.25,Card,Completed
O04163,C0317,P0015,2025-11-02,2,0.15,JAZZCASH,Completed
O04164,C0165,P0004,2023-08-18,1,0.05,Card,Completed
O04165,C0391,P0032,2024-07-11,5,0.1,Bank Transfer,returned
O04166,C0221,P0004,2025-10-06,1,0.2,Easypaisa,Pending
O04167,C0177,P0008,2025-10-12,1,0.3,Cod,Cancelled
O04168,C0184,P0091,2025-07-29,1,0.0,EASYPAISA,CANCELLED
O04169,C0061,P0051,2023-02-23,3,0.25,EasyPaisa,completed
O04170,C0048,P0084,2023-04-23,1,0.25,easypaisa,COMPLETED
O04171,C0489,P0025,2025-02-15,3,0.05,Cash,pending
O04172,C0205,P0060,2023-02-16,1,0.2,Bank Transfer,RETURNED
O04173,C0207,P0077,2025-03-23,1,0.2,Card,Cancelled
O04174,C0393,P0032,2024-03-22,2,0.0,CASH,PENDING
O04175,C0056,P0096,2024-10-13,1,0.0,Cash,Pending
O04176,C0444,P0009,2024-07-15,2,0.2,Easypaisa,Cancelled
O04177,C0128,P0024,2024-03-18,1,0.3,CASH,Pending
O04178,C0173,P0069,2025-10-02,-5,0.25,bank transfer,Cancelled
O04179,C0320,P0084,2023-12-17,1,0.1,bank transfer,completed
O04180,C0431,P0074,2025-10-06,1,0.2,jazzcash,cancelled
O04181,C0352,P0048,2024-11-22,2,0.1,Jazzcash,COMPLETED
O04182,C0109,P0080,2023-08-23,3,0.15,Cash,Cancelled
O04183,C0471,P0040,2025-11-29,3,0.3,CARD,Pending
O04184,C0254,P0070,2024-02-27,1,0.15,CARD,Pending
O04185,C0450,P0073,2024-01-30,1,0.05,Bank Transfer,Completed
O04186,C0017,P0034,2024-04-27,1,5.0,jazzcash,returned
O04187,C0212,P0054,2024-07-14,1,0.25,EASYPAISA,Returned
O04188,C0051,P0051,2024-04-17,1,0.0,CARD,Completed
O04189,C0205,P0030,2023-08-05,1,0.1,CARD,Pending
O04190,C0247,P0052,2023-03-18,1,0.1,bank transfer,returned
O04191,C0003,P0066,2023-07-31,1,0.3,JAZZCASH,RETURNED
O04192,C0410,P0011,2025-01-27,1,0.2,CASH,Returned
O04193,C0365,P0028,2025-02-15,3,0.0,Easypaisa,PENDING
O04194,C0061,P0014,2024-09-20,1,0.0,Card,PENDING
O04195,C0039,P0012,2025-11-23,2,0.15,Cod,COMPLETED
O04196,C0401,P0043,2024-11-30,1,0.25,Jazzcash,Pending
O04197,C0498,P0045,2024-06-12,1,0.15,Bank Transfer,Cancelled
O04198,C0195,P0065,2024-06-07,4,0.3,card,PENDING
O04199,C0232,P0012,2024-06-30,3,0.05,Jazzcash,returned
O04200,C0324,P0088,2024-10-06,1,0.1,BANK TRANSFER,returned
O04201,C0346,P0053,2025-05-18,1,0.05,,COMPLETED
O04202,C0048,P0077,2025-04-27,2,0.05,Card,Pending
O04203,C0398,P0020,2024-03-27,5,0.15,Bank Transfer,PENDING
O04204,C0465,P0035,2023-09-15,2,0.25,COD,Pending
O04205,C0381,P0027,2025-03-10,2,0.05,BANK TRANSFER,Returned
O04206,C0337,P0008,2024-10-27,3,0.25,EASYPAISA,completed
O04207,C0405,P0075,2024-02-01,1,0.3,Cod,Completed
O04208,C0209,P0088,2025-01-08,1,0.0,Cash,Cancelled
O04209,C0211,P0089,2024-06-15,3,0.3,cash,cancelled
O04210,C0141,P0068,2024-05-30,2,0.05,cod,Pending
O04211,C0417,P0060,2023-03-11,1,0.15,card,pending
O04212,C0476,P0074,2024-11-08,2,0.2,JAZZCASH,Completed
O04213,C0157,P0024,2024-12-28,1,0.2,cod,Pending
O04214,C0220,P0074,2024-11-05,1,0.3,Cash,Pending
O04215,C0432,P0090,2024-12-25,3,0.05,EasyPaisa,Returned
O04216,C0087,P0065,2023-01-16,5,0.0,EasyPaisa,Completed
O04217,C0332,P0058,2024-02-24,1,0.15,BANK TRANSFER,RETURNED
O04218,C0357,P0097,2024-10-15,2,0.05,JazzCash,Completed
O04219,C0418,P0053,2024-03-11,2,0.3,card,PENDING
O04220,C0143,P0094,2025-11-19,2,0.25,Cash,Completed
O04221,C0028,P0012,2025-06-30,1,0.2,Cash,CANCELLED
O04222,C0350,P0092,2024-08-04,2,0.1,Easypaisa,pending
O04223,C0488,P0010,2024-05-05,1,0.1,Bank Transfer,Returned
O04224,C0287,P9999,2023-07-04,2,0.3,JazzCash,Cancelled
O04225,C0321,P0091,2024-05-17,-5,0.1,CARD,Cancelled
O04226,C0328,P0028,2025-09-16,1,0.2,easypaisa,returned
O04227,C0441,P0052,2025-10-04,2,0.2,Cash,Cancelled
O04228,C0025,P0018,2025-04-29,3,0.15,JazzCash,pending
O04229,C0487,P0092,2025-08-25,1,0.0,Jazzcash,CANCELLED
O04230,C0453,P0094,2023-05-13,3,0.3,EasyPaisa,completed
O04231,C0346,P0067,2024-07-22,1,0.25,Cash,Pending
O04232,C0373,P0074,2023-09-05,1,0.15,cash,Completed
O04233,C0154,P0052,2024-06-11,1,0.25,COD,completed
O04234,C0496,P0014,2025-10-30,1,0.3,bank transfer,Pending
O04235,C0186,P0039,2023-12-20,2,0.1,EasyPaisa,Cancelled
O04236,C0492,P0094,2025-11-23,4,0.3,cod,Returned
O04237,C0497,P0091,2024-01-14,1,0.25,cod,PENDING
O04238,C0497,P0038,2025-10-11,1,0.0,EasyPaisa,Completed
O04239,C0324,P0019,2024-11-28,1,0.1,Cash,CANCELLED
O04240,C0045,P0097,2023-03-05,2,0.05,card,PENDING
O04241,C0248,P0074,2023-05-04,2,0.25,EasyPaisa,Pending
O04242,C0373,P0003,2023-10-31,1,0.1,Cod,Cancelled
O04243,C0282,P0028,2025-01-09,1,0.15,Jazzcash,pending
O04244,C0389,P0086,2025-12-20,1,0.0,Cod,Completed
O04245,C0425,P0002,2024-01-22,2,0.25,Easypaisa,completed
O04246,C0426,P0097,2023-02-13,1,0.3,card,Pending
O04247,C0267,P0100,2023-05-05,1,0.2,Cod,PENDING
O04248,C0471,P0092,2025-06-09,2,0.2,card,cancelled
O04249,C0019,P0064,2023-03-13,2,0.2,Card,Returned
O04250,C0259,P0035,2023-11-13,2,0.25,easypaisa,Pending
O04251,C0370,P0039,2025-06-20,3,0.25,Card,PENDING
O04252,C0178,P0008,2025-08-30,2,0.25,jazzcash,Returned
O04253,C0203,P0041,2025-06-23,1,0.15,EASYPAISA,returned
O04254,,P0036,2023-07-03,2,0.2,CARD,COMPLETED
O04255,C0229,P0076,2024-07-09,1,0.2,jazzcash,Completed
O04256,C0440,P0006,2024-02-01,1,0.3,Card,CANCELLED
O04257,C0032,P0024,14/06/2025,5,0.15,BANK TRANSFER,CANCELLED
O04258,C0030,P0028,2023-09-14,3,0.15,Cod,returned
O04259,C0177,P0022,2025-01-30,5,0.05,Card,completed
O04260,C0314,P0092,2023-03-09,20,0.15,JazzCash,Completed
O04261,C0376,P0049,2024-04-10,1,0.15,Bank Transfer,Returned
O04262,C0076,P0083,2023-11-01,1,0.15,COD,pending
O04263,C0189,P0016,2023-09-14,1,0.2,Card,Pending
O04264,C0390,P0082,2023-02-20,1,0.3,JAZZCASH,cancelled
O04265,C0205,P0093,2025-04-15,2,0.05,Card,Cancelled
O04266,C0253,P0056,2024-04-17,1,0.1,CARD,CANCELLED
O04267,C0273,P0046,2025-03-30,1,0.3,Bank Transfer,Cancelled
O04268,C0239,P0018,2024-03-24,1,0.05,CARD,Returned
O04269,C0385,P0075,2024-03-01,1,0.05,card,Pending
O04270,C0423,P0099,2023-04-19,1,0.25,Bank Transfer,returned
O04271,C0073,P0084,2024-03-01,1,0.0,Card,Pending
O04272,C0006,P0035,2024-02-09,1,0.3,Card,COMPLETED
O04273,C0324,P0081,2025-11-19,1,0.1,JazzCash,Pending
O04274,C0325,P0099,2023-06-18,1,0.25,EASYPAISA,Completed
O04275,C0138,P0060,2024-03-24,1,0.2,,RETURNED
O04276,C0386,P0088,2023-08-21,1,0.15,Bank Transfer,Pending
O04277,C0277,P0003,2025-03-01,1,0.3,Cod,RETURNED
O04278,C0158,P0039,2023-10-23,1,0.15,cod,Cancelled
O04279,C0238,P0080,2023-11-19,1,0.0,jazzcash,Cancelled
O04280,C0366,P0019,2025-07-11,1,0.2,EasyPaisa,RETURNED
O04281,C0316,P0027,2024-06-22,2,0.05,Bank Transfer,Cancelled
O04282,C0326,P0074,2023-03-19,1,0.15,BANK TRANSFER,Pending
O04283,C0468,P0087,2025-11-26,3,0.25,Card,COMPLETED
O04284,C0356,P0048,2023-02-16,1,0.0,BANK TRANSFER,Returned
O04285,C0388,P0075,2025-05-11,5,0.5,JAZZCASH,Completed
O04286,C0349,P0088,2023-03-03,1,0.0,Easypaisa,pending
O04287,C0223,P0095,2025-12-09,1,0.25,Cash,Pending
O04288,C0331,P0059,2024-04-02,20,0.15,easypaisa,Pending
O04289,C0048,P0039,2025-12-25,1,0.05,Bank Transfer,RETURNED
O04290,C0371,P0079,2023-07-02,3,0.0,CARD,Returned
O04291,C0095,P0040,2023-10-28,3,0.15,Card,CANCELLED
O04292,C0053,P0042,2024-12-22,2,0.15,Card,pending
O04293,C0152,P0027,2025-04-29,1,0.2,JazzCash,RETURNED
O04294,C0470,P0077,2024-08-14,1,0.2,bank transfer,RETURNED
O04295,C0165,P0096,2024-08-08,1,0.15,COD,RETURNED
O04296,C0102,P0010,2025-08-20,1,0.15,card,completed
O04297,C0028,P0020,2023-07-06,1,0.05,COD,PENDING
O04298,C0482,P0027,2025-02-17,2,0.05,cod,CANCELLED
O04299,C0180,P0095,2025-03-10,2,0.15,card,Cancelled
O04300,C0088,P0094,2024-02-23,1,0.2,Easypaisa,Returned
O04301,C0289,P0028,2023-05-14,1,0.15,Cash,Completed
O04302,C0298,P0016,2023-03-10,2,0.1,bank transfer,pending
O04303,C0203,P0093,2023-02-16,2,0.05,COD,cancelled
O04304,C0212,P0040,2024-09-15,4,0.15,BANK TRANSFER,Cancelled
O04305,C0341,P0061,2025-11-18,1,0.1,Cod,Returned
O04306,C0047,P0062,2025-06-01,2,0.3,Bank Transfer,completed
O04307,C0307,P0026,2025-10-12,1,0.15,JazzCash,returned
O04308,C0327,P0072,2023-08-09,1,0.1,EASYPAISA,Cancelled
O04309,C0367,P0035,2025-05-07,1,0.2,JazzCash,Returned
O04310,C0469,P0064,2024-03-13,2,0.05,BANK TRANSFER,PENDING
O04311,C0394,P0071,2023-04-27,2,0.3,COD,Returned
O04312,C0067,P0065,2023-03-03,2,0.15,EasyPaisa,Returned
O04313,C0471,P0012,2024-01-27,1,0.3,JAZZCASH,Pending
O04314,C0227,P0012,2025-12-18,4,0.2,Bank Transfer,Cancelled
O04315,C0228,P0036,2024-05-17,3,0.1,Cash,PENDING
O04316,C0261,P0041,2024-03-14,1,0.15,CARD,RETURNED
O04317,C0030,P0020,2024-05-05,1,0.3,Bank Transfer,Pending
O04318,C0144,P0051,2023-12-05,1,0.05,JazzCash,cancelled
O04319,C0184,P0033,2025-12-18,1,0.1,Card,completed
O04320,,P0014,2024-12-29,1,0.3,Card,Pending
O04321,C0033,P0001,2025-12-03,1,0.05,JazzCash,returned
O04322,C0215,P0080,2024-08-18,1,0.0,JazzCash,Completed
O04323,C0109,P0062,2025-04-04,1,0.1,EasyPaisa,pending
O04324,C0377,P0075,2023-09-08,2,0.0,Easypaisa,completed
O04325,C0096,P0023,26/08/2023,3,0.0,card,pending
O04326,C0358,P0041,2024-12-20,2,0.15,COD,completed
O04327,C0327,P0073,2023-04-01,1,0.3,JAZZCASH,Completed
O04328,C0161,P0067,2024-03-29,1,0.1,Card,pending
O04329,C0366,P0092,2025-04-01,1,0.3,,returned
O04330,C0162,P0096,2023-01-01,2,0.0,card,RETURNED
O04331,C0403,P0062,2024-01-31,2,0.0,CASH,COMPLETED
O04332,C0036,P0024,2024-08-25,3,0.3,Easypaisa,Completed
O04333,C0494,P0070,2023-07-09,4,0.2,CASH,Pending
O04334,C0383,P0084,2023-07-05,2,0.2,bank transfer,completed
O04335,C0098,P0052,2025-02-04,1,0.1,Jazzcash,Completed
O04336,C0295,P0013,2024-03-31,3,0.2,easypaisa,Pending
O04337,C0042,P0065,2025-06-05,2,0.15,Cash,Pending
O04338,C0004,P0069,2023-01-24,2,0.2,CARD,Cancelled
O04339,C0363,P0021,2025-01-18,1,0.25,Cash,pending
O04340,C0043,P0020,2024-03-26,1,0.05,cash,CANCELLED
O04341,C0144,P0074,2024-12-23,1,0.05,Cash,Returned
O04342,C0022,P0086,2023-04-17,4,0.3,CARD,PENDING
O04343,C0447,P0087,2023-05-30,4,0.15,Easypaisa,Returned
O04344,C0268,P0072,2024-12-15,1,0.25,Easypaisa,RETURNED
O04345,C0277,P0001,2025-03-06,1,0.0,COD,Cancelled
O04346,C0464,P0054,2023-09-26,2,0.25,card,COMPLETED
O04347,C0199,P0076,2025-01-28,4,0.15,jazzcash,pending
O04348,C0345,P0012,2023-12-11,1,0.2,EasyPaisa,Completed
O04349,C0426,P0083,2023-05-10,1,0.0,cod,Cancelled
O04350,C0443,P0086,2024-04-16,3,0.2,Bank Transfer,CANCELLED
O04351,C0101,P0008,2024-01-08,1,0.2,COD,pending
O04352,C0298,P0093,2023-10-05,1,0.3,CARD,Cancelled
O04353,C0059,P0037,2024/11/29,2,0.2,cod,completed
O04354,C0434,P0003,2025-03-03,2,0.2,EASYPAISA,Completed
O04355,C0496,P0037,2025-01-05,1,0.05,cash,completed
O04356,C0073,P0097,2023-04-11,3,0.3,EASYPAISA,COMPLETED
O04357,C0266,P0016,2025-04-09,2,0.3,Cash,Completed
O04358,C0130,P0033,2025-04-13,3,0.2,COD,Completed
O04359,C0355,P0079,2025-10-20,4,0.1,Cash,Cancelled
O04360,C0140,P0055,2024-10-28,1,0.2,JazzCash,Completed
O04361,C0420,P0052,2023-01-24,2,0.3,cod,Returned
O04362,C0425,P0065,2023-03-13,1,0.05,COD,pending
O04363,C0135,P0044,2025-03-26,1,0.2,CARD,Returned
O04364,C0293,P0084,2023-03-25,1,0.05,Bank Transfer,Returned
O04365,C0041,P0040,2023-10-21,2,0.25,CASH,RETURNED
O04366,C0318,P0046,2025-07-19,4,0.25,easypaisa,Pending
O04367,C0092,P0041,2024-01-26,2,0.25,BANK TRANSFER,Returned
O04368,C0233,P0052,2025-03-10,2,0.2,JazzCash,Cancelled
O04369,C0023,P0013,2025-03-11,4,0.1,easypaisa,Cancelled
O04370,C0269,P0081,2025-03-31,1,0.1,COD,PENDING
O04371,C0456,P0067,2024-10-17,2,0.0,Card,Pending
O04372,C0067,P0078,2025-07-02,5,0.0,Cash,Pending
O04373,C0199,P0018,2025-03-28,1,0.3,card,Returned
O04374,C0306,P0067,2023-09-19,1,0.15,bank transfer,Pending
O04375,C0248,P0084,2023-04-05,1,0.1,easypaisa,Cancelled
O04376,C0430,P0064,2025-10-02,3,0.1,Cash,Cancelled
O04377,C0033,P0047,2025-10-15,5,0.05,Cash,Cancelled
O04378,C0166,P0019,2024-07-14,1,0.05,Jazzcash,CANCELLED
O04379,C0175,P0096,2025-03-10,3,0.0,Bank Transfer,RETURNED
O04380,C0382,P0067,2024-09-24,2,0.0,Easypaisa,CANCELLED
O04381,C0056,P0047,2023-04-26,1,0.05,Cash,RETURNED
O04382,C0465,P0094,2024-04-11,1,0.3,Cash,CANCELLED
O04383,C0369,P0016,2025-11-20,1,0.15,cash,returned
O04384,C0314,P0080,2024-04-15,1,0.05,CARD,Cancelled
O04385,C0065,P0093,2023-09-11,1,0.0,Card,Returned
O04386,C0470,P0034,2024-04-08,2,0.3,jazzcash,Completed
O04387,C0144,P0004,2025-09-21,1,0.1,COD,Cancelled
O04388,C0349,P0082,2025-08-11,3,0.15,Bank Transfer,CANCELLED
O04389,C0353,P0039,2023-04-03,2,0.0,cash,Pending
O04390,C0477,P0068,2023-10-29,1,0.05,Easypaisa,completed
O04391,C0258,P0014,2023-02-01,5,0.3,cod,Pending
O04392,C0078,P0040,2023-11-30,5,0.1,Easypaisa,PENDING
O04393,C0416,P0028,2024-11-11,1,0.15,EASYPAISA,returned
O04394,C0398,P0045,2023-09-19,1,0.3,COD,Returned
O04395,C0258,P0067,2025-12-27,1,0.25,easypaisa,CANCELLED
O04396,C0162,P0040,2024-08-28,2,0.05,COD,returned
O04397,C0104,P0042,2023-08-28,1,0.15,Bank Transfer,cancelled
O04398,C0284,P0004,2024-11-09,1,0.05,jazzcash,RETURNED
O04399,C0188,P0030,2025-12-15,1,0.15,Card,Completed
O04400,C0135,P0057,2025-03-23,1,0.15,easypaisa,completed
O04401,C0273,P0017,2025-10-11,1,0.25,cod,Pending
O04402,C0041,P0093,2023-09-22,1,0.15,jazzcash,Cancelled
O04403,C0037,P0088,2024-03-16,2,0.15,Bank Transfer,returned
O04404,C0310,P0025,2023-07-30,1,0.3,COD,cancelled
O04405,C0203,P0017,2023-07-15,2,0.0,easypaisa,Returned
O04406,C0365,P0011,2024-06-10,2,0.1,Card,Completed
O04407,C0326,P0016,2023-02-01,3,0.0,Jazzcash,Returned
O04408,C0183,P0019,2025-02-21,4,0.1,cod,PENDING
O04409,C0160,P0035,2024-02-24,1,0.2,bank transfer,Pending
O04410,C0050,P0016,2025-01-12,1,0.3,Card,Returned
O04411,C0403,P0075,2025-07-12,1,0.15,Bank Transfer,Pending
O04412,C0015,P0012,2023-02-21,2,0.25,Card,Returned
O04413,C0116,P0038,2024-09-09,2,0.15,JAZZCASH,Returned
O04414,C0417,P0071,2025-04-26,2,0.25,BANK TRANSFER,Completed
O04415,C0429,P0061,2025-11-14,1,0.25,Card,Completed
O04416,C0188,P9999,2023-11-11,1,0.1,CARD,Pending
O04417,C0224,P0029,2025-11-20,1,0.1,Bank Transfer,Completed
O04418,C0488,P0027,2024-03-15,1,0.05,card,Cancelled
O04419,C0446,P0078,2024-10-20,1,0.0,easypaisa,completed
O04420,C0149,P0058,2024-02-28,2,0.1,COD,CANCELLED
O04421,C0409,P0051,2025-08-06,1,0.15,COD,Pending
O04422,C0131,P0001,2025-07-29,1,0.15,Easypaisa,pending
O04423,C0441,P0098,2024-12-24,1,0.0,Cod,PENDING
O04424,C0194,P0092,2023-10-13,1,0.2,Card,Completed
O04425,C0444,P0024,2023-09-18,1,0.3,CARD,Pending
O04426,C0443,P0069,2023-12-04,1,0.3,Jazzcash,Pending
O04427,C0069,P0055,2024-06-19,2,0.05,Bank Transfer,CANCELLED
O04428,C0102,P0002,2024-09-05,2,0.1,Cod,pending
O04429,C0292,P0022,2023-03-17,4,0.15,Cod,pending
O04430,C0017,P0035,2024-12-22,10,0.0,Card,Cancelled
O04431,C0130,P0084,2024-06-25,1,0.1,Bank Transfer,Returned
O04432,C0297,P0072,2023-07-07,1,0.2,cod,RETURNED
O04433,C0441,P0056,2024-12-20,1,0.1,card,completed
O04434,C0015,P0050,2024-04-26,1,0.25,Cash,PENDING
O04435,C0388,P0091,2023-02-08,1,0.25,cod,CANCELLED
O04436,C0405,P0049,2024-05-31,2,0.2,Cash,Completed
O04437,C0353,P0053,2024-11-23,2,0.1,cod,RETURNED
O04438,C0294,P0034,08-Dec-2023,1,0.05,Easypaisa,cancelled
O04439,C0472,P0014,2024-03-03,2,0.15,CARD,Pending
O04440,C0173,P0074,2025-10-13,1,0.15,Easypaisa,PENDING
O04441,C0267,P0064,2025-09-02,1,0.2,CARD,Returned
O04442,C0404,P0072,2025-05-20,1,0.3,JazzCash,COMPLETED
O04443,C0249,P0033,2023-05-30,2,0.05,BANK TRANSFER,completed
O04444,C0492,P0071,2024-09-01,1,0.3,easypaisa,CANCELLED
O04445,C0099,P0026,2023-01-27,2,0.15,easypaisa,Completed
O04446,C0187,P0004,2023-03-09,1,0.0,Card,Completed
O04447,C0172,P0040,2025-12-12,5,0.1,jazzcash,CANCELLED
O04448,C0384,P0026,2025-04-25,5,0.15,Bank Transfer,Cancelled
O04449,C0389,P0010,2024-06-19,20,0.2,Cash,Completed
O04450,C0002,P0093,2025-12-10,5,0.0,Easypaisa,Returned
O04451,C0423,P0059,2023-02-07,1,0.25,Cod,Completed
O04452,C0176,,2024-04-04,1,0.0,Easypaisa,pending
O04453,C0314,P0074,2025-02-19,1,0.05,Easypaisa,PENDING
O04454,C0093,P0005,2025-03-18,1,0.3,Card,CANCELLED
O04455,C0235,P0024,2025-06-04,1,0.25,card,completed
O04456,C0187,P0066,2025-03-03,2,0.15,CARD,Returned
O04457,C0467,P0047,2025-08-18,1,0.3,Cod,RETURNED
O04458,C0186,P0088,2025-06-28,2,0.05,easypaisa,PENDING
O04459,C0004,P0016,2023-08-25,2,0.1,Cod,Completed
O04460,C0427,P0060,2025-10-19,1,0.3,CARD,PENDING
O04461,C0003,P0076,2025-05-18,1,0.15,BANK TRANSFER,pending
O04462,C0387,P0009,2023-03-13,4,0.2,Jazzcash,Pending
O04463,C0103,P0045,2025-10-22,1,0.15,Bank Transfer,RETURNED
O04464,C0425,P0028,2024-02-03,20,0.15,jazzcash,Returned
O04465,C0453,P0064,2023-04-15,1,0.05,Card,PENDING
O04466,C0203,P0064,2025-05-18,3,0.3,JAZZCASH,PENDING
O04467,C0414,P0034,2024-11-16,1,0.25,Cod,pending
O04468,,P0080,2024-06-15,3,0.25,Jazzcash,pending
O04469,C0382,P0011,2024-12-15,1,0.25,COD,cancelled
O04470,C0141,P0057,2024-06-01,3,0.25,CASH,Cancelled
O04471,C0130,P0004,2025-01-16,1,0.15,Card,Completed
O04472,C0287,P0093,2024-07-12,2,0.25,BANK TRANSFER,Pending
O04473,C0162,P0030,2024-06-13,1,0.0,CARD,PENDING
O04474,C0413,P0045,2024-07-26,2,0.0,easypaisa,completed
O04475,C0192,P0030,2025-12-25,1,0.25,Bank Transfer,Returned
O04476,C0474,P0052,2024-01-22,1,0.2,CASH,cancelled
O04477,C0209,P0077,2025-02-16,1,0.25,bank transfer,completed
O04478,C0357,P0036,2023-03-01,1,0.15,CARD,Completed
O04479,C0496,P0036,2023-06-28,1,0.25,Easypaisa,Cancelled
O04480,C0091,P0091,2024-06-11,3,0.1,CASH,COMPLETED
O04481,C0411,P0095,2023-10-17,1,0.2,CARD,PENDING
O04482,C0324,P0075,2025-06-03,1,0.1,easypaisa,PENDING
O04483,C0144,P0083,2025-05-24,1,0.3,EASYPAISA,pending
O04484,C0382,P0005,2024-05-22,1,0.3,card,pending
O04485,C0101,P0074,2025-08-29,1,0.1,Bank Transfer,cancelled
O04486,C0401,P0007,2024-08-03,3,0.0,Cash,COMPLETED
O04487,C0011,P0023,2025-09-28,1,0.15,Bank Transfer,COMPLETED
O04488,C0350,P0077,2024-11-02,1,0.1,BANK TRANSFER,Returned
O04489,C0304,P0060,2025-09-01,2,0.15,Card,Cancelled
O04490,C0121,P0003,2025-05-24,1,0.1,Card,Returned
O04491,C0229,P0084,2025-01-30,1,0.15,Bank Transfer,CANCELLED
O04492,C0438,P0044,2023-02-16,4,0.1,COD,Cancelled
O04493,C0210,P0005,2024-01-16,2,0.0,Cod,PENDING
O04494,C0441,P0068,2025-08-21,1,0.3,Easypaisa,Completed
O04495,C0247,P0011,2023-09-03,4,0.2,card,Cancelled
O04496,C0453,P0093,2025-03-28,4,0.3,card,completed
O04497,C0066,P0025,2025-10-04,1,0.1,BANK TRANSFER,RETURNED
O04498,C0492,P0087,2023-07-29,2,0.05,Card,Pending
O04499,C0211,P0065,2025-07-02,1,0.25,BANK TRANSFER,COMPLETED
O04500,C0251,P0075,2023-05-16,2,0.25,Easypaisa,Returned
O00268,C0361,P0049,2023-05-01,10,0.1,card,cancelled
O02850,C0161,P0041,2024-02-19,2,0.0,Bank Transfer,Completed
O02607,C0467,P0074,2024-07-29,2,0.2,cash,PENDING
O01381,C0491,P0010,2024-07-14,1,0.2,Easypaisa,Completed
O00075,C0487,P0015,2024-07-05,1,0.15,BANK TRANSFER,pending
O04173,C0207,P0077,2025-03-23,1,0.2,Card,Cancelled
O03257,C0129,P0050,2023-07-15,20,0.05,CASH,Returned
O02378,C0246,P0034,2025-03-06,1,0.0,Cash,RETURNED
O00558,C0300,P0011,2024-08-18,1,0.15,JAZZCASH,CANCELLED
O02322,C0035,P0084,2023-12-15,3,0.05,Cash,Completed
O02509,C0056,P0090,2024-03-24,2,0.05,CARD,pending
O00674,C0346,P0084,2025-07-17,1,0.15,card,Returned
O00259,C0335,P0083,2025-06-13,3,0.05,JAZZCASH,Completed
O01166,C0142,P0026,2025-07-17,1,0.2,Card,Returned
O03816,C0343,P0074,2025-04-17,1,0.0,Cash,Returned
O01105,C0454,P0044,2023-06-24,3,0.0,Card,CANCELLED
O00798,C0163,P0098,2023-10-01,1,0.1,jazzcash,Pending
O03167,C0069,P0052,2024-12-15,2,0.25,CARD,Returned
O03950,C0200,P0001,2024-12-31,5,0.2,EasyPaisa,Completed
O00643,C0210,P0008,2023-06-12,1,0.2,Bank Transfer,Returned
O02440,C0055,P0055,2023-02-26,2,0.2,cash,pending
O02815,C0074,P0026,2024-02-17,1,0.2,Easypaisa,Completed
O03670,C0098,P0044,2025-06-15,1,0.15,jazzcash,cancelled
O01057,C0073,P0077,2024-05-19,2,0.1,EasyPaisa,returned
O00744,C0144,P0023,2024-06-22,2,0.05,BANK TRANSFER,pending
O04377,C0033,P0047,2025-10-15,5,0.05,Cash,Cancelled
O03134,C0340,P0026,2023-11-24,1,0.15,Cash,RETURNED
O03933,C0375,P0093,2024-02-04,1,0.3,CARD,RETURNED
O04052,C0195,P0069,2023-08-24,2,0.15,Cash,RETURNED
O01955,C0035,P0046,2025-12-10,2,0.2,Bank Transfer,Pending
